1.0,124.0,-1.13,-1.13,-1.135,-1.14,-1.135,-1.135,-1.125,-1.115,-1.11,-1.1,-1.09,-1.09,-1.085,-1.1,-1.105,-1.115,-1.115,-1.115,-1.105,-1.09,-1.09,-1.08,-1.07,-1.075,-1.08,-1.08,-1.08,-1.095,-1.085,-1.09,-1.085,-1.07,-1.075,-1.05,-1.05,-1.055,-1.055,-1.065,-1.075,-1.08,-1.075,-1.075,-1.065,-1.05,-1.045,-1.04,-1.04,-1.05,-1.045,-1.03,-1.05,-1.045,-1.045,-1.04,-1.035,-1.03,-1.025,-1.0,-1.005,-1.015,-1.02,-1.05,-1.045,-1.05,-1.05,-1.03,-1.03,-1.01,-1.0,-0.995,-0.985,-1.0,-1.0,-1.01,-1.025,-1.02,-1.03,-1.04,-1.045,-1.08,-1.095,-1.125,-1.15,-1.2,-1.23,-1.26,-1.285,-1.305,-1.31,-1.3,-1.28,-1.28,-1.26,-1.245,-1.255,-1.26,-1.275,-1.335,-1.44,-1.565,-1.725,-1.885,-2.045,-2.205,-2.34,-2.445,-2.525,-2.58,-2.61,-2.69,-2.775,-2.85,-2.915,-2.975,-3.005,-3.04,-3.06,-3.04,-3.005,-2.915,-2.79,-2.615,-2.41,-2.235,-2.095,-2.045,-2.06,-2.07,-2.08,-2.055,-1.995,-1.915,-1.805,-1.745,-1.67,-1.615,-1.545,-1.465,-1.36,-1.245,-1.12,-1.01,-0.895,-0.8,-0.71,-0.625,-0.57,-0.495,-0.435,-0.375,-0.34,-0.31,-0.275,-0.27,-0.26,-0.255,-0.245,-0.22,-0.205,-0.2,-0.195,-0.17,-0.16,-0.125,-0.105,-0.1,-0.07,-0.06,-0.045,-0.045,-0.03,-0.02,-0.005,0.02,0.03,0.055,0.07,0.09,0.105,0.115,0.125,0.13,0.145,0.15,0.165,0.185,0.185,0.205,0.22,0.245,0.26,0.27,0.275,0.285,0.3,0.295,0.29,0.305,0.33,0.34,0.355,0.38,0.39,0.395,0.405,0.415,0.415,0.415,0.425,0.425,0.43,0.44,0.455,0.47,0.46,0.455,0.445,0.43,0.43,0.405,0.395,0.375,0.37,0.36,0.35,0.35,0.34,0.32,0.3,0.275,0.255,0.23,0.205,0.19,0.16,0.15,0.13,0.12,0.115,0.08,0.06,0.035,0.01,-0.015,-0.045,-0.045,-0.09,-0.085,-0.105,-0.13,-0.145,-0.165,-0.18,-0.195,-0.225,-0.24,-0.25,-0.265,-0.28,-0.285,-0.295,-0.3,-0.31,-0.33,-0.33,-0.35,-0.37,-0.375,-0.385,-0.385,-0.385,-0.39,-0.39,-0.395,-0.405,-0.425,-0.43,-0.445,-0.455,-0.455,-0.48,-0.485,-0.485,-0.485,-0.49,-0.48,-0.475,-0.485,-0.495,-0.52,-0.53,-0.535,-0.545,-0.56,-0.56,-0.55,-0.555,-0.555,-0.555,-0.56
1.0,124.0,-1.565,-1.56,-1.54,-1.53,-1.525,-1.53,-1.525,-1.52,-1.51,-1.52,-1.495,-1.48,-1.465,-1.45,-1.43,-1.4,-1.395,-1.39,-1.385,-1.365,-1.36,-1.35,-1.355,-1.325,-1.31,-1.305,-1.265,-1.245,-1.25,-1.235,-1.24,-1.23,-1.255,-1.24,-1.245,-1.245,-1.255,-1.24,-1.24,-1.25,-1.255,-1.275,-1.295,-1.32,-1.33,-1.355,-1.365,-1.38,-1.385,-1.4,-1.405,-1.415,-1.425,-1.445,-1.455,-1.47,-1.49,-1.505,-1.5,-1.525,-1.51,-1.51,-1.51,-1.51,-1.5,-1.515,-1.515,-1.52,-1.53,-1.55,-1.55,-1.56,-1.535,-1.525,-1.515,-1.515,-1.525,-1.53,-1.55,-1.57,-1.585,-1.62,-1.66,-1.69,-1.71,-1.735,-1.75,-1.765,-1.78,-1.795,-1.785,-1.77,-1.755,-1.75,-1.76,-1.78,-1.77,-1.795,-1.86,-1.955,-2.1,-2.26,-2.455,-2.66,-2.835,-3.01,-3.16,-3.26,-3.29,-3.3,-3.3,-3.33,-3.375,-3.43,-3.485,-3.53,-3.58,-3.605,-3.595,-3.565,-3.455,-3.32,-3.145,-2.945,-2.815,-2.695,-2.665,-2.675,-2.705,-2.735,-2.735,-2.705,-2.64,-2.55,-2.465,-2.345,-2.24,-2.13,-2.06,-1.965,-1.885,-1.815,-1.74,-1.65,-1.545,-1.44,-1.335,-1.24,-1.145,-1.065,-0.98,-0.925,-0.88,-0.835,-0.825,-0.795,-0.78,-0.75,-0.735,-0.715,-0.705,-0.7,-0.69,-0.675,-0.675,-0.665,-0.66,-0.63,-0.595,-0.57,-0.54,-0.525,-0.51,-0.49,-0.475,-0.46,-0.46,-0.445,-0.425,-0.4,-0.38,-0.36,-0.345,-0.33,-0.295,-0.29,-0.28,-0.27,-0.26,-0.255,-0.25,-0.24,-0.22,-0.2,-0.18,-0.165,-0.16,-0.145,-0.155,-0.155,-0.15,-0.16,-0.145,-0.145,-0.15,-0.14,-0.125,-0.125,-0.125,-0.135,-0.15,-0.17,-0.18,-0.205,-0.225,-0.23,-0.24,-0.27,-0.295,-0.305,-0.345,-0.365,-0.405,-0.435,-0.47,-0.5,-0.525,-0.55,-0.57,-0.59,-0.6,-0.625,-0.655,-0.69,-0.715,-0.755,-0.79,-0.82,-0.85,-0.87,-0.905,-0.91,-0.92,-0.94,-0.965,-0.99,-1.025,-1.045,-1.07,-1.095,-1.115,-1.135,-1.155,-1.16,-1.175,-1.175,-1.185,-1.195,-1.215,-1.235,-1.255,-1.275,-1.295,-1.29,-1.29,-1.3,-1.31,-1.305,-1.33,-1.325,-1.345,-1.37,-1.385,-1.38,-1.405,-1.405,-1.395,-1.405,-1.405,-1.405,-1.41,-1.42,-1.425,-1.425,-1.44,-1.435,-1.45,-1.47,-1.455,-1.455,-1.455,-1.45,-1.455,-1.46,-1.47,-1.475,-1.485,-1.49,-1.5,-1.495
1.0,124.0,-1.08,-1.075,-1.065,-1.065,-1.07,-1.075,-1.08,-1.095,-1.085,-1.105,-1.105,-1.08,-1.07,-1.06,-1.06,-1.06,-1.06,-1.06,-1.065,-1.075,-1.08,-1.075,-1.08,-1.085,-1.07,-1.06,-1.065,-1.065,-1.055,-1.06,-1.065,-1.07,-1.08,-1.075,-1.085,-1.09,-1.085,-1.075,-1.07,-1.065,-1.045,-1.045,-1.05,-1.06,-1.07,-1.075,-1.09,-1.08,-1.07,-1.07,-1.05,-1.05,-1.05,-1.055,-1.06,-1.065,-1.065,-1.075,-1.075,-1.08,-1.075,-1.055,-1.05,-1.05,-1.05,-1.055,-1.06,-1.07,-1.08,-1.085,-1.095,-1.08,-1.08,-1.07,-1.07,-1.05,-1.065,-1.075,-1.08,-1.1,-1.11,-1.12,-1.15,-1.175,-1.2,-1.215,-1.245,-1.265,-1.3,-1.335,-1.355,-1.39,-1.41,-1.405,-1.405,-1.405,-1.41,-1.41,-1.42,-1.415,-1.42,-1.435,-1.485,-1.56,-1.68,-1.825,-1.99,-2.16,-2.33,-2.47,-2.625,-2.68,-2.665,-2.615,-2.55,-2.48,-2.395,-2.29,-2.17,-2.025,-1.87,-1.695,-1.54,-1.38,-1.275,-1.17,-1.105,-1.065,-1.045,-1.0,-0.97,-0.95,-0.93,-0.915,-0.895,-0.885,-0.86,-0.86,-0.85,-0.85,-0.85,-0.84,-0.84,-0.81,-0.79,-0.78,-0.765,-0.755,-0.74,-0.74,-0.73,-0.73,-0.74,-0.725,-0.725,-0.7,-0.7,-0.685,-0.655,-0.625,-0.63,-0.625,-0.62,-0.625,-0.62,-0.625,-0.625,-0.605,-0.585,-0.56,-0.55,-0.52,-0.52,-0.515,-0.51,-0.525,-0.51,-0.495,-0.495,-0.475,-0.455,-0.44,-0.425,-0.405,-0.41,-0.4,-0.405,-0.4,-0.38,-0.37,-0.36,-0.36,-0.34,-0.325,-0.295,-0.285,-0.295,-0.28,-0.29,-0.285,-0.265,-0.265,-0.27,-0.255,-0.25,-0.25,-0.24,-0.235,-0.23,-0.225,-0.23,-0.23,-0.24,-0.24,-0.24,-0.255,-0.255,-0.235,-0.23,-0.225,-0.23,-0.23,-0.255,-0.26,-0.265,-0.275,-0.285,-0.3,-0.29,-0.285,-0.295,-0.3,-0.315,-0.34,-0.355,-0.365,-0.39,-0.415,-0.425,-0.425,-0.43,-0.435,-0.44,-0.45,-0.48,-0.49,-0.5,-0.51,-0.54,-0.56,-0.57,-0.58,-0.585,-0.605,-0.61,-0.62,-0.62,-0.63,-0.635,-0.65,-0.675,-0.69,-0.725,-0.74,-0.74,-0.755,-0.755,-0.765,-0.785,-0.795,-0.8,-0.825,-0.84,-0.845,-0.875,-0.865,-0.875,-0.885,-0.885,-0.895,-0.905,-0.92,-0.93,-0.945,-0.965,-0.97,-0.975,-0.98,-1.0,-0.985,-0.98,-0.985,-0.99,-0.99,-1.0,-1.01,-1.015,-1.01,-1.03,-1.025
1.0,124.0,-1.045,-1.055,-1.04,-1.04,-1.045,-1.055,-1.06,-1.05,-1.07,-1.055,-1.055,-1.04,-1.035,-1.025,-1.025,-1.03,-1.04,-1.04,-1.04,-1.055,-1.045,-1.04,-1.035,-1.04,-1.025,-1.005,-1.01,-1.02,-1.03,-1.03,-1.04,-1.04,-1.045,-1.045,-1.04,-1.035,-1.03,-1.01,-1.02,-1.02,-1.02,-1.035,-1.035,-1.045,-1.04,-1.045,-1.035,-1.035,-1.025,-1.035,-1.025,-1.04,-1.04,-1.04,-1.035,-1.045,-1.05,-1.05,-1.04,-1.035,-1.03,-1.015,-1.02,-1.025,-1.025,-1.03,-1.04,-1.045,-1.05,-1.05,-1.04,-1.04,-1.04,-1.05,-1.03,-1.04,-1.05,-1.055,-1.07,-1.085,-1.115,-1.145,-1.165,-1.19,-1.21,-1.235,-1.26,-1.275,-1.305,-1.315,-1.31,-1.295,-1.275,-1.285,-1.285,-1.3,-1.305,-1.33,-1.39,-1.49,-1.615,-1.775,-1.94,-2.105,-2.245,-2.38,-2.48,-2.53,-2.56,-2.57,-2.61,-2.66,-2.725,-2.78,-2.84,-2.875,-2.915,-2.945,-2.92,-2.86,-2.74,-2.575,-2.37,-2.17,-2.045,-1.995,-2.025,-2.08,-2.115,-2.14,-2.08,-2.0,-1.92,-1.84,-1.745,-1.655,-1.58,-1.52,-1.44,-1.375,-1.305,-1.22,-1.15,-1.05,-0.95,-0.855,-0.78,-0.71,-0.65,-0.59,-0.535,-0.505,-0.485,-0.465,-0.445,-0.435,-0.42,-0.39,-0.385,-0.36,-0.355,-0.335,-0.32,-0.315,-0.295,-0.305,-0.265,-0.255,-0.235,-0.215,-0.205,-0.19,-0.195,-0.2,-0.18,-0.17,-0.16,-0.145,-0.135,-0.125,-0.1,-0.09,-0.085,-0.07,-0.055,-0.035,-0.02,0.0,0.015,0.07,0.11,0.15,0.185,0.225,0.23,0.245,0.245,0.24,0.23,0.25,0.25,0.27,0.275,0.285,0.295,0.3,0.305,0.305,0.32,0.315,0.31,0.31,0.32,0.325,0.335,0.34,0.35,0.355,0.355,0.345,0.335,0.325,0.315,0.31,0.305,0.295,0.275,0.265,0.245,0.24,0.215,0.195,0.16,0.13,0.085,0.055,0.035,0.01,-0.005,-0.03,-0.045,-0.065,-0.09,-0.11,-0.135,-0.175,-0.205,-0.23,-0.245,-0.28,-0.285,-0.29,-0.305,-0.325,-0.35,-0.365,-0.4,-0.425,-0.44,-0.47,-0.495,-0.495,-0.515,-0.515,-0.535,-0.535,-0.565,-0.565,-0.585,-0.605,-0.62,-0.63,-0.655,-0.66,-0.67,-0.665,-0.675,-0.68,-0.68,-0.69,-0.72,-0.745,-0.745,-0.755,-0.775,-0.78,-0.78,-0.775,-0.78,-0.77,-0.8,-0.8,-0.805,-0.82,-0.83,-0.845,-0.865,-0.855,-0.855,-0.85
1.0,124.0,-0.97,-0.965,-0.965,-0.965,-0.975,-0.98,-0.975,-0.965,-0.97,-0.985,-0.975,-0.96,-0.955,-0.945,-0.94,-0.945,-0.96,-0.95,-0.965,-0.96,-0.98,-0.965,-0.97,-0.95,-0.95,-0.94,-0.945,-0.94,-0.96,-0.955,-0.965,-0.965,-0.975,-0.975,-0.975,-0.98,-0.96,-0.95,-0.945,-0.945,-0.955,-0.965,-0.965,-0.965,-0.985,-0.965,-0.98,-0.98,-0.975,-0.955,-0.975,-0.975,-0.975,-0.98,-0.985,-0.99,-0.98,-0.99,-0.97,-0.975,-0.975,-0.96,-0.955,-0.965,-0.965,-0.97,-0.975,-0.98,-0.985,-0.98,-0.98,-0.97,-0.975,-0.965,-0.96,-0.965,-0.97,-0.975,-0.975,-0.985,-0.995,-1.02,-1.045,-1.075,-1.105,-1.125,-1.17,-1.19,-1.24,-1.275,-1.31,-1.315,-1.31,-1.305,-1.285,-1.28,-1.285,-1.3,-1.315,-1.375,-1.47,-1.585,-1.745,-1.935,-2.105,-2.27,-2.41,-2.5,-2.56,-2.59,-2.59,-2.615,-2.665,-2.725,-2.775,-2.83,-2.865,-2.89,-2.88,-2.855,-2.755,-2.6,-2.405,-2.205,-2.05,-1.995,-2.02,-2.075,-2.11,-2.115,-2.065,-1.985,-1.88,-1.795,-1.675,-1.595,-1.495,-1.415,-1.325,-1.255,-1.19,-1.11,-1.005,-0.91,-0.825,-0.735,-0.655,-0.58,-0.515,-0.46,-0.415,-0.375,-0.355,-0.325,-0.32,-0.275,-0.26,-0.245,-0.22,-0.205,-0.19,-0.19,-0.18,-0.18,-0.17,-0.15,-0.14,-0.11,-0.085,-0.06,-0.03,-0.015,-0.01,0.01,0.005,0.02,0.035,0.06,0.08,0.105,0.12,0.15,0.16,0.17,0.19,0.205,0.22,0.25,0.26,0.295,0.32,0.345,0.37,0.4,0.41,0.405,0.42,0.42,0.425,0.425,0.45,0.465,0.475,0.49,0.505,0.51,0.515,0.52,0.525,0.52,0.51,0.51,0.52,0.515,0.51,0.505,0.5,0.5,0.5,0.495,0.48,0.465,0.445,0.425,0.405,0.375,0.37,0.35,0.32,0.315,0.29,0.265,0.24,0.205,0.17,0.15,0.115,0.085,0.065,0.03,0.01,-0.015,-0.045,-0.07,-0.095,-0.125,-0.175,-0.2,-0.215,-0.25,-0.265,-0.27,-0.28,-0.275,-0.29,-0.32,-0.355,-0.395,-0.42,-0.42,-0.445,-0.465,-0.46,-0.475,-0.475,-0.49,-0.495,-0.515,-0.525,-0.555,-0.57,-0.575,-0.595,-0.605,-0.62,-0.625,-0.62,-0.625,-0.63,-0.64,-0.67,-0.67,-0.695,-0.71,-0.72,-0.73,-0.735,-0.74,-0.735,-0.725,-0.745,-0.745,-0.765,-0.765,-0.775,-0.795,-0.82,-0.825,-0.835,-0.825
1.0,124.0,-0.925,-0.925,-0.92,-0.915,-0.915,-0.92,-0.905,-0.92,-0.91,-0.92,-0.925,-0.925,-0.935,-0.935,-0.925,-0.915,-0.915,-0.91,-0.895,-0.9,-0.905,-0.905,-0.92,-0.925,-0.94,-0.94,-0.945,-0.94,-0.925,-0.91,-0.905,-0.91,-0.915,-0.93,-0.94,-0.945,-0.94,-0.95,-0.935,-0.925,-0.92,-0.91,-0.93,-0.92,-0.94,-0.945,-0.945,-0.94,-0.945,-0.95,-0.935,-0.935,-0.93,-0.925,-0.925,-0.925,-0.935,-0.94,-0.945,-0.95,-0.955,-0.95,-0.955,-0.935,-0.945,-0.92,-0.92,-0.93,-0.935,-0.94,-0.955,-0.965,-0.98,-0.97,-0.97,-0.975,-0.965,-0.97,-1.005,-1.025,-1.065,-1.095,-1.125,-1.175,-1.19,-1.205,-1.225,-1.245,-1.255,-1.235,-1.22,-1.21,-1.215,-1.235,-1.27,-1.285,-1.285,-1.34,-1.39,-1.495,-1.62,-1.76,-1.905,-2.075,-2.225,-2.355,-2.48,-2.54,-2.575,-2.575,-2.605,-2.635,-2.695,-2.75,-2.795,-2.84,-2.88,-2.915,-2.905,-2.84,-2.73,-2.535,-2.32,-2.13,-1.995,-1.95,-1.985,-2.045,-2.085,-2.1,-2.055,-1.98,-1.935,-1.85,-1.77,-1.685,-1.605,-1.505,-1.43,-1.365,-1.31,-1.26,-1.205,-1.15,-1.065,-0.985,-0.905,-0.83,-0.76,-0.695,-0.64,-0.57,-0.53,-0.49,-0.455,-0.445,-0.415,-0.385,-0.36,-0.34,-0.315,-0.31,-0.28,-0.28,-0.27,-0.26,-0.255,-0.25,-0.24,-0.23,-0.215,-0.2,-0.185,-0.17,-0.145,-0.14,-0.115,-0.11,-0.095,-0.085,-0.075,-0.05,-0.035,-0.01,0.01,0.025,0.06,0.085,0.105,0.115,0.11,0.14,0.155,0.17,0.185,0.2,0.22,0.245,0.255,0.26,0.27,0.27,0.265,0.275,0.285,0.295,0.295,0.315,0.33,0.345,0.345,0.35,0.345,0.34,0.33,0.32,0.325,0.305,0.33,0.32,0.325,0.325,0.32,0.315,0.305,0.28,0.27,0.24,0.23,0.205,0.185,0.18,0.155,0.15,0.125,0.09,0.045,0.01,-0.02,-0.06,-0.085,-0.115,-0.135,-0.155,-0.175,-0.2,-0.225,-0.255,-0.285,-0.325,-0.34,-0.375,-0.4,-0.425,-0.45,-0.475,-0.49,-0.5,-0.515,-0.535,-0.58,-0.615,-0.63,-0.655,-0.67,-0.68,-0.705,-0.695,-0.705,-0.71,-0.72,-0.745,-0.75,-0.755,-0.77,-0.79,-0.8,-0.83,-0.825,-0.84,-0.845,-0.845,-0.85,-0.865,-0.885,-0.905,-0.93,-0.93,-0.945,-0.96,-0.975,-0.965,-0.975,-0.975,-0.97,-0.98,-0.975,-1.0,-1.005,-1.0
1.0,124.0,-1.14,-1.145,-1.145,-1.14,-1.15,-1.145,-1.165,-1.165,-1.165,-1.155,-1.15,-1.145,-1.155,-1.15,-1.15,-1.155,-1.16,-1.18,-1.17,-1.185,-1.175,-1.16,-1.155,-1.155,-1.15,-1.16,-1.175,-1.175,-1.18,-1.19,-1.185,-1.18,-1.175,-1.16,-1.155,-1.145,-1.14,-1.145,-1.155,-1.16,-1.175,-1.17,-1.165,-1.18,-1.17,-1.16,-1.155,-1.16,-1.15,-1.16,-1.15,-1.16,-1.165,-1.18,-1.185,-1.18,-1.175,-1.175,-1.165,-1.155,-1.15,-1.155,-1.17,-1.17,-1.175,-1.185,-1.18,-1.18,-1.185,-1.175,-1.18,-1.17,-1.17,-1.165,-1.175,-1.19,-1.195,-1.215,-1.235,-1.26,-1.285,-1.31,-1.34,-1.365,-1.385,-1.425,-1.445,-1.495,-1.515,-1.535,-1.525,-1.51,-1.495,-1.485,-1.51,-1.5,-1.505,-1.535,-1.595,-1.665,-1.78,-1.92,-2.065,-2.23,-2.395,-2.52,-2.625,-2.705,-2.74,-2.76,-2.78,-2.835,-2.875,-2.92,-2.97,-2.99,-3.02,-3.035,-3.045,-3.005,-2.925,-2.81,-2.665,-2.505,-2.345,-2.255,-2.22,-2.26,-2.31,-2.32,-2.31,-2.255,-2.17,-2.1,-2.03,-1.945,-1.865,-1.79,-1.71,-1.63,-1.56,-1.48,-1.41,-1.345,-1.265,-1.205,-1.125,-1.06,-1.005,-0.965,-0.895,-0.82,-0.75,-0.69,-0.65,-0.61,-0.57,-0.565,-0.55,-0.53,-0.52,-0.52,-0.485,-0.48,-0.47,-0.445,-0.43,-0.415,-0.405,-0.375,-0.395,-0.385,-0.36,-0.36,-0.35,-0.32,-0.305,-0.285,-0.26,-0.235,-0.21,-0.2,-0.18,-0.16,-0.145,-0.135,-0.105,-0.075,-0.075,-0.045,-0.02,0.0,0.04,0.035,0.06,0.075,0.1,0.11,0.12,0.135,0.15,0.17,0.19,0.21,0.215,0.235,0.25,0.25,0.245,0.245,0.245,0.245,0.26,0.28,0.29,0.305,0.315,0.32,0.32,0.305,0.31,0.3,0.3,0.3,0.285,0.295,0.28,0.27,0.265,0.255,0.245,0.215,0.215,0.195,0.17,0.145,0.135,0.115,0.095,0.08,0.06,0.03,0.01,-0.03,-0.06,-0.095,-0.12,-0.145,-0.18,-0.195,-0.21,-0.23,-0.245,-0.295,-0.325,-0.36,-0.395,-0.41,-0.45,-0.47,-0.495,-0.505,-0.51,-0.54,-0.56,-0.575,-0.59,-0.63,-0.665,-0.68,-0.705,-0.735,-0.735,-0.725,-0.745,-0.745,-0.75,-0.77,-0.79,-0.805,-0.815,-0.84,-0.855,-0.86,-0.87,-0.885,-0.89,-0.865,-0.86,-0.885,-0.885,-0.905,-0.92,-0.935,-0.945,-0.94,-0.965,-0.965,-0.965,-0.97
1.0,124.0,-1.105,-1.12,-1.12,-1.115,-1.13,-1.125,-1.125,-1.115,-1.12,-1.12,-1.115,-1.115,-1.115,-1.115,-1.12,-1.14,-1.125,-1.115,-1.13,-1.125,-1.12,-1.11,-1.105,-1.11,-1.1,-1.105,-1.11,-1.105,-1.125,-1.135,-1.13,-1.13,-1.115,-1.11,-1.1,-1.1,-1.105,-1.115,-1.11,-1.12,-1.12,-1.135,-1.135,-1.125,-1.115,-1.125,-1.105,-1.11,-1.105,-1.11,-1.12,-1.13,-1.135,-1.145,-1.135,-1.135,-1.12,-1.115,-1.1,-1.095,-1.105,-1.115,-1.11,-1.125,-1.13,-1.12,-1.12,-1.12,-1.12,-1.105,-1.095,-1.1,-1.095,-1.1,-1.115,-1.125,-1.14,-1.15,-1.165,-1.17,-1.195,-1.22,-1.24,-1.265,-1.295,-1.34,-1.365,-1.39,-1.425,-1.44,-1.44,-1.405,-1.39,-1.39,-1.4,-1.405,-1.42,-1.435,-1.475,-1.545,-1.64,-1.77,-1.91,-2.07,-2.23,-2.38,-2.495,-2.59,-2.64,-2.655,-2.695,-2.745,-2.8,-2.84,-2.88,-2.92,-2.95,-2.98,-2.97,-2.925,-2.845,-2.7,-2.53,-2.335,-2.185,-2.11,-2.115,-2.16,-2.175,-2.175,-2.145,-2.08,-1.995,-1.93,-1.855,-1.775,-1.71,-1.635,-1.58,-1.505,-1.43,-1.36,-1.28,-1.195,-1.11,-1.04,-0.98,-0.93,-0.87,-0.795,-0.725,-0.66,-0.6,-0.555,-0.515,-0.475,-0.465,-0.435,-0.425,-0.41,-0.395,-0.39,-0.37,-0.365,-0.35,-0.32,-0.295,-0.285,-0.27,-0.265,-0.265,-0.255,-0.25,-0.24,-0.205,-0.18,-0.15,-0.12,-0.095,-0.095,-0.075,-0.06,-0.035,-0.005,0.0,0.02,0.045,0.06,0.095,0.11,0.145,0.155,0.175,0.19,0.215,0.22,0.225,0.235,0.25,0.27,0.29,0.305,0.32,0.33,0.33,0.34,0.345,0.35,0.345,0.345,0.34,0.355,0.355,0.375,0.37,0.38,0.365,0.36,0.355,0.35,0.345,0.33,0.325,0.315,0.29,0.285,0.28,0.27,0.25,0.225,0.185,0.165,0.14,0.115,0.095,0.065,0.03,0.025,0.01,-0.015,-0.055,-0.075,-0.095,-0.145,-0.175,-0.22,-0.245,-0.26,-0.275,-0.31,-0.33,-0.355,-0.37,-0.405,-0.44,-0.49,-0.5,-0.52,-0.54,-0.545,-0.56,-0.57,-0.58,-0.58,-0.59,-0.615,-0.635,-0.65,-0.665,-0.68,-0.69,-0.705,-0.705,-0.71,-0.715,-0.72,-0.75,-0.755,-0.77,-0.785,-0.81,-0.82,-0.825,-0.835,-0.84,-0.845,-0.84,-0.84,-0.845,-0.86,-0.875,-0.885,-0.895,-0.905,-0.9,-0.915,-0.91,-0.91,-0.9,-0.91
1.0,124.0,-0.995,-0.985,-0.985,-0.985,-1.005,-1.01,-1.015,-1.025,-1.025,-1.01,-1.02,-1.005,-0.995,-0.99,-0.975,-0.985,-0.98,-0.99,-1.005,-1.005,-1.01,-1.015,-1.015,-1.01,-1.005,-0.99,-0.985,-0.98,-0.985,-0.99,-0.995,-1.0,-1.01,-1.005,-1.02,-1.015,-1.0,-0.985,-0.975,-0.975,-0.98,-0.985,-0.995,-1.0,-1.005,-1.005,-1.0,-0.995,-0.99,-0.985,-0.98,-0.985,-0.995,-0.995,-1.005,-0.995,-1.015,-1.015,-0.995,-1.0,-1.0,-0.98,-0.975,-0.965,-0.965,-0.98,-0.99,-1.0,-1.0,-1.005,-1.015,-1.005,-0.985,-0.985,-0.99,-0.995,-1.01,-1.04,-1.055,-1.085,-1.125,-1.16,-1.19,-1.205,-1.23,-1.245,-1.25,-1.285,-1.315,-1.315,-1.32,-1.3,-1.3,-1.3,-1.305,-1.32,-1.3,-1.31,-1.345,-1.405,-1.495,-1.635,-1.8,-1.985,-2.195,-2.39,-2.515,-2.605,-2.64,-2.64,-2.625,-2.645,-2.7,-2.735,-2.78,-2.82,-2.85,-2.89,-2.9,-2.88,-2.825,-2.725,-2.61,-2.45,-2.295,-2.15,-2.04,-2.025,-2.045,-2.09,-2.125,-2.14,-2.105,-2.045,-1.98,-1.91,-1.85,-1.8,-1.74,-1.665,-1.58,-1.505,-1.435,-1.355,-1.285,-1.22,-1.145,-1.075,-0.995,-0.93,-0.86,-0.79,-0.73,-0.645,-0.565,-0.5,-0.445,-0.4,-0.365,-0.345,-0.325,-0.31,-0.285,-0.295,-0.27,-0.26,-0.26,-0.245,-0.215,-0.205,-0.19,-0.175,-0.155,-0.15,-0.145,-0.135,-0.125,-0.1,-0.075,-0.055,-0.02,0.01,0.025,0.04,0.065,0.07,0.085,0.1,0.12,0.135,0.165,0.18,0.21,0.24,0.255,0.275,0.3,0.31,0.325,0.32,0.33,0.35,0.365,0.385,0.395,0.41,0.44,0.44,0.44,0.445,0.445,0.45,0.46,0.46,0.46,0.48,0.49,0.505,0.505,0.525,0.525,0.52,0.52,0.51,0.51,0.51,0.5,0.505,0.495,0.505,0.505,0.495,0.47,0.455,0.44,0.43,0.4,0.37,0.365,0.345,0.345,0.325,0.315,0.295,0.25,0.22,0.185,0.16,0.115,0.095,0.07,0.05,0.015,-0.005,-0.01,-0.04,-0.075,-0.11,-0.145,-0.19,-0.225,-0.255,-0.28,-0.285,-0.305,-0.32,-0.34,-0.34,-0.37,-0.385,-0.42,-0.43,-0.45,-0.475,-0.485,-0.49,-0.495,-0.505,-0.505,-0.52,-0.535,-0.56,-0.575,-0.595,-0.61,-0.62,-0.63,-0.63,-0.63,-0.635,-0.635,-0.66,-0.675,-0.695,-0.705,-0.72,-0.745,-0.76,-0.74,-0.75
1.0,124.0,-0.94,-0.93,-0.915,-0.915,-0.91,-0.905,-0.91,-0.93,-0.925,-0.93,-0.935,-0.935,-0.93,-0.92,-0.92,-0.905,-0.905,-0.905,-0.91,-0.92,-0.92,-0.925,-0.93,-0.93,-0.935,-0.925,-0.925,-0.915,-0.915,-0.905,-0.915,-0.92,-0.92,-0.935,-0.93,-0.935,-0.93,-0.93,-0.915,-0.905,-0.905,-0.91,-0.905,-0.91,-0.93,-0.925,-0.935,-0.94,-0.945,-0.95,-0.945,-0.925,-0.92,-0.915,-0.93,-0.935,-0.935,-0.94,-0.94,-0.935,-0.94,-0.94,-0.93,-0.92,-0.915,-0.92,-0.925,-0.93,-0.95,-0.945,-0.95,-0.955,-0.95,-0.945,-0.94,-0.965,-0.965,-0.985,-1.005,-1.04,-1.08,-1.1,-1.15,-1.185,-1.19,-1.215,-1.23,-1.24,-1.225,-1.23,-1.24,-1.23,-1.255,-1.265,-1.28,-1.295,-1.335,-1.4,-1.5,-1.625,-1.76,-1.91,-2.065,-2.21,-2.33,-2.405,-2.455,-2.46,-2.485,-2.535,-2.6,-2.65,-2.685,-2.74,-2.775,-2.81,-2.82,-2.84,-2.815,-2.755,-2.66,-2.51,-2.325,-2.145,-2.0,-1.94,-1.94,-1.99,-2.06,-2.095,-2.085,-2.04,-1.955,-1.87,-1.79,-1.71,-1.64,-1.565,-1.495,-1.435,-1.39,-1.325,-1.26,-1.19,-1.14,-1.06,-0.955,-0.865,-0.76,-0.7,-0.645,-0.585,-0.53,-0.48,-0.435,-0.4,-0.37,-0.335,-0.31,-0.275,-0.245,-0.235,-0.225,-0.21,-0.2,-0.19,-0.18,-0.16,-0.145,-0.135,-0.105,-0.09,-0.06,-0.045,-0.025,-0.01,0.0,0.025,0.035,0.055,0.065,0.09,0.115,0.13,0.165,0.19,0.195,0.22,0.24,0.23,0.25,0.255,0.295,0.315,0.34,0.375,0.39,0.405,0.42,0.43,0.435,0.44,0.455,0.46,0.475,0.495,0.51,0.535,0.555,0.555,0.555,0.55,0.55,0.555,0.55,0.55,0.545,0.54,0.55,0.56,0.565,0.545,0.535,0.52,0.5,0.485,0.465,0.43,0.415,0.395,0.37,0.355,0.34,0.31,0.275,0.235,0.19,0.16,0.11,0.08,0.045,0.02,-0.02,-0.04,-0.08,-0.11,-0.135,-0.17,-0.21,-0.25,-0.275,-0.31,-0.34,-0.365,-0.385,-0.395,-0.41,-0.435,-0.46,-0.49,-0.515,-0.535,-0.54,-0.58,-0.585,-0.59,-0.6,-0.6,-0.595,-0.6,-0.615,-0.63,-0.64,-0.66,-0.67,-0.685,-0.705,-0.7,-0.715,-0.7,-0.705,-0.715,-0.735,-0.75,-0.765,-0.775,-0.795,-0.805,-0.815,-0.8,-0.805,-0.8,-0.79,-0.8,-0.815,-0.815,-0.83,-0.84,-0.855,-0.86
1.0,124.0,-0.935,-0.92,-0.915,-0.91,-0.92,-0.925,-0.93,-0.94,-0.945,-0.95,-0.95,-0.95,-0.94,-0.935,-0.94,-0.925,-0.925,-0.915,-0.925,-0.93,-0.925,-0.935,-0.935,-0.935,-0.935,-0.935,-0.93,-0.905,-0.915,-0.915,-0.915,-0.94,-0.93,-0.935,-0.935,-0.945,-0.94,-0.93,-0.915,-0.915,-0.91,-0.91,-0.92,-0.93,-0.94,-0.94,-0.945,-0.94,-0.935,-0.935,-0.925,-0.92,-0.915,-0.915,-0.915,-0.92,-0.935,-0.935,-0.945,-0.94,-0.94,-0.935,-0.925,-0.92,-0.915,-0.93,-0.93,-0.93,-0.94,-0.955,-0.96,-0.955,-0.95,-0.945,-0.935,-0.93,-0.94,-0.945,-0.955,-0.99,-1.035,-1.08,-1.105,-1.15,-1.18,-1.215,-1.23,-1.265,-1.275,-1.26,-1.245,-1.245,-1.25,-1.265,-1.265,-1.265,-1.28,-1.32,-1.405,-1.5,-1.61,-1.765,-1.94,-2.105,-2.26,-2.395,-2.475,-2.52,-2.52,-2.505,-2.51,-2.54,-2.595,-2.635,-2.665,-2.705,-2.745,-2.765,-2.795,-2.79,-2.765,-2.675,-2.56,-2.415,-2.235,-2.08,-1.98,-1.945,-1.965,-2.015,-2.065,-2.055,-2.02,-1.97,-1.885,-1.81,-1.75,-1.68,-1.605,-1.55,-1.475,-1.405,-1.345,-1.285,-1.215,-1.14,-1.05,-0.955,-0.875,-0.815,-0.745,-0.675,-0.615,-0.55,-0.495,-0.43,-0.4,-0.36,-0.33,-0.29,-0.265,-0.255,-0.245,-0.235,-0.23,-0.215,-0.23,-0.215,-0.205,-0.185,-0.17,-0.135,-0.115,-0.09,-0.08,-0.065,-0.05,-0.035,-0.02,0.0,0.035,0.04,0.075,0.1,0.11,0.14,0.15,0.17,0.175,0.19,0.21,0.225,0.255,0.26,0.29,0.32,0.335,0.355,0.36,0.365,0.375,0.385,0.4,0.4,0.42,0.435,0.45,0.47,0.475,0.475,0.47,0.47,0.465,0.46,0.46,0.465,0.465,0.47,0.47,0.47,0.455,0.45,0.44,0.42,0.4,0.375,0.345,0.325,0.31,0.275,0.26,0.26,0.215,0.19,0.16,0.13,0.09,0.065,0.02,-0.01,-0.03,-0.06,-0.09,-0.11,-0.135,-0.175,-0.205,-0.24,-0.275,-0.305,-0.32,-0.335,-0.365,-0.38,-0.38,-0.4,-0.425,-0.445,-0.46,-0.475,-0.49,-0.51,-0.53,-0.535,-0.545,-0.56,-0.565,-0.57,-0.575,-0.59,-0.605,-0.62,-0.65,-0.665,-0.66,-0.685,-0.69,-0.69,-0.71,-0.71,-0.72,-0.72,-0.725,-0.74,-0.755,-0.775,-0.79,-0.795,-0.805,-0.805,-0.8,-0.805,-0.8,-0.815,-0.83,-0.835,-0.845,-0.85,-0.86,-0.86
1.0,124.0,-0.935,-0.93,-0.925,-0.92,-0.92,-0.925,-0.935,-0.94,-0.945,-0.95,-0.955,-0.955,-0.945,-0.93,-0.95,-0.915,-0.92,-0.925,-0.93,-0.935,-0.945,-0.95,-0.945,-0.945,-0.935,-0.94,-0.935,-0.93,-0.93,-0.925,-0.95,-0.94,-0.95,-0.955,-0.945,-0.945,-0.94,-0.955,-0.93,-0.92,-0.93,-0.93,-0.935,-0.945,-0.95,-0.955,-0.96,-0.965,-0.955,-0.955,-0.945,-0.94,-0.93,-0.935,-0.94,-0.945,-0.96,-0.95,-0.955,-0.955,-0.945,-0.935,-0.94,-0.93,-0.955,-0.95,-0.95,-0.96,-0.97,-0.96,-0.98,-0.985,-0.96,-0.945,-0.95,-0.945,-0.96,-0.97,-1.015,-1.04,-1.08,-1.12,-1.15,-1.185,-1.22,-1.24,-1.265,-1.29,-1.285,-1.29,-1.29,-1.3,-1.305,-1.32,-1.34,-1.36,-1.42,-1.51,-1.615,-1.755,-1.905,-2.045,-2.195,-2.3,-2.38,-2.43,-2.45,-2.465,-2.485,-2.56,-2.625,-2.675,-2.73,-2.765,-2.805,-2.835,-2.855,-2.845,-2.815,-2.735,-2.625,-2.45,-2.265,-2.105,-2.01,-1.98,-2.03,-2.09,-2.12,-2.125,-2.06,-1.99,-1.915,-1.845,-1.78,-1.7,-1.65,-1.585,-1.525,-1.465,-1.41,-1.35,-1.265,-1.18,-1.08,-0.995,-0.89,-0.785,-0.715,-0.63,-0.56,-0.505,-0.45,-0.425,-0.395,-0.37,-0.35,-0.325,-0.305,-0.275,-0.26,-0.26,-0.25,-0.23,-0.225,-0.215,-0.195,-0.18,-0.17,-0.155,-0.125,-0.105,-0.095,-0.08,-0.06,-0.04,-0.03,-0.01,0.005,0.03,0.06,0.075,0.105,0.105,0.12,0.14,0.15,0.18,0.195,0.22,0.235,0.26,0.28,0.315,0.34,0.365,0.38,0.39,0.405,0.415,0.425,0.43,0.445,0.46,0.46,0.5,0.5,0.53,0.53,0.53,0.535,0.525,0.52,0.52,0.525,0.52,0.525,0.525,0.53,0.53,0.51,0.49,0.465,0.445,0.405,0.38,0.345,0.325,0.3,0.285,0.26,0.235,0.19,0.155,0.115,0.065,0.03,-0.015,-0.045,-0.09,-0.115,-0.15,-0.18,-0.205,-0.24,-0.285,-0.305,-0.34,-0.375,-0.405,-0.425,-0.455,-0.475,-0.485,-0.505,-0.53,-0.545,-0.56,-0.605,-0.615,-0.65,-0.66,-0.685,-0.69,-0.695,-0.715,-0.71,-0.7,-0.71,-0.73,-0.735,-0.75,-0.775,-0.78,-0.79,-0.805,-0.8,-0.795,-0.8,-0.795,-0.785,-0.815,-0.83,-0.85,-0.855,-0.865,-0.87,-0.885,-0.885,-0.89,-0.885,-0.885,-0.895,-0.915,-0.94,-0.935,-0.945,-0.96,-0.97,-0.97
1.0,124.0,-1.07,-1.075,-1.095,-1.1,-1.085,-1.085,-1.085,-1.08,-1.075,-1.075,-1.07,-1.075,-1.075,-1.105,-1.105,-1.105,-1.11,-1.095,-1.08,-1.095,-1.085,-1.085,-1.075,-1.08,-1.085,-1.1,-1.11,-1.12,-1.11,-1.09,-1.1,-1.085,-1.08,-1.07,-1.08,-1.085,-1.09,-1.1,-1.105,-1.105,-1.11,-1.11,-1.105,-1.095,-1.095,-1.085,-1.095,-1.1,-1.11,-1.105,-1.11,-1.12,-1.115,-1.115,-1.11,-1.1,-1.105,-1.105,-1.105,-1.105,-1.12,-1.12,-1.125,-1.12,-1.125,-1.12,-1.115,-1.11,-1.11,-1.11,-1.105,-1.11,-1.11,-1.115,-1.135,-1.135,-1.155,-1.16,-1.185,-1.195,-1.215,-1.245,-1.285,-1.31,-1.345,-1.375,-1.405,-1.435,-1.455,-1.46,-1.445,-1.425,-1.385,-1.4,-1.4,-1.4,-1.41,-1.455,-1.525,-1.615,-1.74,-1.885,-2.05,-2.225,-2.385,-2.515,-2.62,-2.675,-2.69,-2.695,-2.71,-2.775,-2.815,-2.855,-2.89,-2.91,-2.935,-2.95,-2.965,-2.965,-2.93,-2.835,-2.685,-2.49,-2.325,-2.205,-2.15,-2.17,-2.2,-2.225,-2.215,-2.18,-2.11,-2.035,-1.955,-1.88,-1.8,-1.72,-1.63,-1.565,-1.48,-1.415,-1.345,-1.25,-1.165,-1.1,-1.02,-0.955,-0.885,-0.8,-0.73,-0.68,-0.63,-0.595,-0.58,-0.55,-0.52,-0.505,-0.49,-0.5,-0.47,-0.46,-0.445,-0.435,-0.41,-0.37,-0.375,-0.36,-0.365,-0.345,-0.345,-0.335,-0.33,-0.3,-0.255,-0.24,-0.215,-0.19,-0.185,-0.16,-0.15,-0.13,-0.115,-0.115,-0.085,-0.055,-0.03,-0.015,0.01,0.025,0.04,0.05,0.08,0.09,0.1,0.125,0.145,0.16,0.19,0.21,0.235,0.245,0.26,0.25,0.25,0.255,0.25,0.25,0.255,0.26,0.27,0.26,0.275,0.27,0.265,0.255,0.235,0.22,0.21,0.19,0.185,0.17,0.155,0.14,0.125,0.125,0.09,0.07,0.045,0.02,-0.01,-0.04,-0.075,-0.1,-0.13,-0.135,-0.155,-0.18,-0.205,-0.24,-0.26,-0.3,-0.335,-0.38,-0.415,-0.435,-0.445,-0.47,-0.49,-0.5,-0.525,-0.555,-0.57,-0.6,-0.63,-0.66,-0.675,-0.685,-0.695,-0.71,-0.725,-0.725,-0.755,-0.77,-0.78,-0.805,-0.825,-0.84,-0.865,-0.865,-0.88,-0.885,-0.885,-0.9,-0.905,-0.91,-0.925,-0.945,-0.95,-0.965,-0.97,-0.99,-1.005,-0.99,-1.005,-1.005,-1.015,-1.025,-1.03,-1.045,-1.055,-1.07,-1.09,-1.085,-1.08,-1.07,-1.065,-1.075,-1.08,-1.075
1.0,124.0,-1.195,-1.18,-1.17,-1.17,-1.16,-1.17,-1.17,-1.19,-1.19,-1.21,-1.2,-1.2,-1.185,-1.185,-1.185,-1.185,-1.165,-1.17,-1.185,-1.195,-1.205,-1.21,-1.21,-1.215,-1.205,-1.2,-1.19,-1.19,-1.18,-1.175,-1.18,-1.185,-1.195,-1.205,-1.205,-1.215,-1.215,-1.205,-1.19,-1.19,-1.185,-1.19,-1.185,-1.205,-1.21,-1.205,-1.21,-1.2,-1.2,-1.19,-1.18,-1.175,-1.17,-1.185,-1.18,-1.195,-1.185,-1.21,-1.2,-1.195,-1.2,-1.195,-1.185,-1.18,-1.18,-1.185,-1.195,-1.195,-1.205,-1.2,-1.205,-1.19,-1.205,-1.2,-1.19,-1.19,-1.19,-1.21,-1.215,-1.235,-1.265,-1.29,-1.33,-1.36,-1.39,-1.425,-1.46,-1.5,-1.525,-1.56,-1.57,-1.585,-1.565,-1.56,-1.56,-1.565,-1.58,-1.585,-1.615,-1.665,-1.755,-1.88,-2.03,-2.195,-2.37,-2.525,-2.645,-2.73,-2.78,-2.8,-2.82,-2.855,-2.89,-2.935,-2.975,-3.015,-3.05,-3.06,-3.045,-2.98,-2.87,-2.72,-2.545,-2.385,-2.26,-2.23,-2.25,-2.305,-2.335,-2.32,-2.295,-2.215,-2.12,-2.03,-1.945,-1.855,-1.78,-1.695,-1.64,-1.57,-1.515,-1.45,-1.39,-1.3,-1.215,-1.12,-1.04,-0.965,-0.9,-0.845,-0.785,-0.75,-0.695,-0.67,-0.64,-0.605,-0.595,-0.555,-0.54,-0.51,-0.475,-0.46,-0.445,-0.435,-0.43,-0.425,-0.4,-0.385,-0.375,-0.355,-0.35,-0.325,-0.305,-0.295,-0.275,-0.265,-0.25,-0.215,-0.2,-0.18,-0.165,-0.13,-0.095,-0.055,-0.03,-0.005,0.02,0.045,0.07,0.08,0.095,0.115,0.135,0.165,0.185,0.21,0.235,0.24,0.26,0.28,0.275,0.29,0.295,0.315,0.32,0.33,0.34,0.345,0.36,0.37,0.37,0.365,0.365,0.36,0.36,0.35,0.35,0.345,0.355,0.35,0.34,0.33,0.315,0.285,0.27,0.245,0.225,0.21,0.195,0.185,0.165,0.15,0.135,0.105,0.07,0.02,-0.005,-0.035,-0.055,-0.07,-0.1,-0.115,-0.145,-0.175,-0.19,-0.235,-0.265,-0.295,-0.335,-0.36,-0.395,-0.41,-0.435,-0.46,-0.49,-0.515,-0.54,-0.56,-0.585,-0.62,-0.64,-0.68,-0.7,-0.725,-0.745,-0.75,-0.76,-0.755,-0.765,-0.78,-0.79,-0.805,-0.835,-0.845,-0.845,-0.86,-0.88,-0.895,-0.895,-0.885,-0.895,-0.895,-0.895,-0.925,-0.93,-0.94,-0.96,-0.97,-0.98,-0.99,-0.995,-0.995,-0.995,-1.0,-1.015,-1.005,-1.015,-1.025,-1.04,-1.05
1.0,124.0,-1.145,-1.135,-1.14,-1.145,-1.155,-1.16,-1.165,-1.175,-1.17,-1.175,-1.17,-1.17,-1.155,-1.15,-1.14,-1.15,-1.15,-1.165,-1.17,-1.18,-1.185,-1.18,-1.165,-1.17,-1.155,-1.155,-1.155,-1.165,-1.17,-1.19,-1.195,-1.21,-1.195,-1.195,-1.185,-1.18,-1.175,-1.165,-1.16,-1.17,-1.17,-1.18,-1.185,-1.185,-1.19,-1.2,-1.185,-1.175,-1.175,-1.17,-1.17,-1.175,-1.18,-1.19,-1.205,-1.21,-1.21,-1.195,-1.195,-1.185,-1.17,-1.17,-1.175,-1.175,-1.18,-1.19,-1.195,-1.205,-1.21,-1.2,-1.2,-1.2,-1.195,-1.175,-1.195,-1.195,-1.21,-1.215,-1.235,-1.245,-1.26,-1.27,-1.31,-1.335,-1.345,-1.37,-1.415,-1.45,-1.48,-1.515,-1.54,-1.555,-1.53,-1.505,-1.49,-1.48,-1.475,-1.465,-1.51,-1.6,-1.72,-1.875,-2.05,-2.23,-2.41,-2.56,-2.66,-2.72,-2.74,-2.73,-2.765,-2.805,-2.855,-2.905,-2.95,-2.985,-3.035,-3.05,-3.055,-3.005,-2.93,-2.83,-2.68,-2.505,-2.365,-2.265,-2.235,-2.255,-2.31,-2.345,-2.34,-2.31,-2.225,-2.145,-2.075,-2.01,-1.945,-1.885,-1.82,-1.75,-1.685,-1.61,-1.545,-1.46,-1.405,-1.32,-1.235,-1.165,-1.085,-1.045,-0.99,-0.92,-0.86,-0.8,-0.755,-0.7,-0.675,-0.645,-0.62,-0.6,-0.585,-0.56,-0.55,-0.535,-0.52,-0.495,-0.48,-0.46,-0.445,-0.425,-0.42,-0.41,-0.41,-0.4,-0.385,-0.375,-0.36,-0.325,-0.3,-0.26,-0.23,-0.21,-0.19,-0.18,-0.16,-0.155,-0.14,-0.12,-0.105,-0.09,-0.06,-0.025,-0.01,0.015,0.03,0.06,0.055,0.07,0.075,0.095,0.1,0.11,0.135,0.155,0.175,0.2,0.205,0.22,0.215,0.215,0.215,0.225,0.23,0.225,0.245,0.25,0.26,0.26,0.25,0.245,0.215,0.215,0.205,0.19,0.175,0.16,0.155,0.15,0.125,0.115,0.1,0.065,0.045,0.02,-0.025,-0.045,-0.09,-0.11,-0.135,-0.165,-0.2,-0.22,-0.245,-0.285,-0.305,-0.345,-0.39,-0.415,-0.445,-0.475,-0.49,-0.52,-0.56,-0.565,-0.585,-0.61,-0.63,-0.66,-0.695,-0.715,-0.74,-0.75,-0.775,-0.795,-0.81,-0.825,-0.825,-0.835,-0.865,-0.87,-0.89,-0.9,-0.915,-0.925,-0.925,-0.925,-0.945,-0.94,-0.95,-0.965,-0.975,-0.985,-0.995,-1.0,-1.015,-1.025,-1.02,-1.04,-1.025,-1.025,-1.035,-1.05,-1.07,-1.085,-1.095,-1.11,-1.1,-1.115,-1.115,-1.11
1.0,124.0,-1.255,-1.25,-1.24,-1.235,-1.225,-1.23,-1.23,-1.235,-1.24,-1.245,-1.24,-1.24,-1.245,-1.245,-1.235,-1.235,-1.225,-1.225,-1.22,-1.235,-1.235,-1.245,-1.25,-1.245,-1.245,-1.24,-1.25,-1.25,-1.23,-1.23,-1.22,-1.235,-1.235,-1.255,-1.25,-1.26,-1.24,-1.245,-1.235,-1.225,-1.205,-1.215,-1.215,-1.215,-1.23,-1.23,-1.24,-1.24,-1.23,-1.22,-1.23,-1.22,-1.205,-1.21,-1.215,-1.22,-1.23,-1.235,-1.235,-1.24,-1.235,-1.225,-1.225,-1.22,-1.2,-1.215,-1.22,-1.22,-1.22,-1.23,-1.235,-1.235,-1.235,-1.24,-1.24,-1.24,-1.23,-1.235,-1.26,-1.28,-1.325,-1.365,-1.405,-1.445,-1.475,-1.5,-1.54,-1.565,-1.575,-1.6,-1.59,-1.58,-1.585,-1.59,-1.585,-1.585,-1.595,-1.625,-1.695,-1.78,-1.905,-2.05,-2.205,-2.355,-2.5,-2.62,-2.7,-2.76,-2.775,-2.775,-2.785,-2.825,-2.86,-2.895,-2.93,-2.97,-2.99,-3.02,-3.03,-3.03,-2.985,-2.925,-2.835,-2.69,-2.525,-2.38,-2.265,-2.24,-2.275,-2.32,-2.35,-2.355,-2.325,-2.255,-2.19,-2.1,-2.02,-1.94,-1.87,-1.82,-1.76,-1.705,-1.63,-1.57,-1.49,-1.4,-1.305,-1.205,-1.095,-1.015,-0.93,-0.86,-0.81,-0.755,-0.725,-0.705,-0.675,-0.655,-0.615,-0.585,-0.535,-0.52,-0.51,-0.495,-0.485,-0.48,-0.475,-0.46,-0.445,-0.43,-0.39,-0.375,-0.36,-0.35,-0.335,-0.325,-0.325,-0.31,-0.3,-0.275,-0.25,-0.245,-0.21,-0.18,-0.15,-0.145,-0.13,-0.11,-0.09,-0.08,-0.06,-0.03,-0.005,0.005,0.035,0.06,0.09,0.095,0.12,0.14,0.15,0.165,0.175,0.195,0.215,0.24,0.26,0.27,0.29,0.3,0.305,0.31,0.325,0.33,0.335,0.33,0.335,0.355,0.355,0.35,0.355,0.335,0.325,0.32,0.31,0.28,0.27,0.24,0.235,0.22,0.205,0.19,0.17,0.15,0.115,0.09,0.06,0.02,0.0,-0.06,-0.07,-0.115,-0.135,-0.17,-0.19,-0.215,-0.25,-0.28,-0.325,-0.35,-0.385,-0.425,-0.455,-0.485,-0.51,-0.505,-0.53,-0.54,-0.575,-0.595,-0.62,-0.645,-0.67,-0.69,-0.71,-0.705,-0.715,-0.72,-0.73,-0.745,-0.765,-0.775,-0.79,-0.82,-0.82,-0.835,-0.84,-0.83,-0.83,-0.83,-0.83,-0.845,-0.855,-0.885,-0.89,-0.9,-0.925,-0.925,-0.925,-0.93,-0.93,-0.935,-0.92,-0.94,-0.95,-0.96,-0.975,-0.985,-1.0,-1.005
1.0,124.0,-0.985,-0.985,-0.98,-0.975,-0.985,-0.985,-0.975,-0.975,-0.985,-0.985,-0.985,-0.97,-0.965,-0.94,-0.95,-0.955,-0.96,-0.97,-0.975,-0.975,-0.98,-0.98,-0.975,-0.95,-0.94,-0.93,-0.935,-0.935,-0.935,-0.95,-0.95,-0.945,-0.94,-0.945,-0.935,-0.94,-0.93,-0.915,-0.93,-0.935,-0.925,-0.935,-0.945,-0.935,-0.94,-0.945,-0.93,-0.92,-0.925,-0.9,-0.92,-0.92,-0.91,-0.93,-0.925,-0.925,-0.93,-0.93,-0.935,-0.93,-0.915,-0.9,-0.91,-0.905,-0.91,-0.91,-0.925,-0.925,-0.92,-0.92,-0.925,-0.91,-0.905,-0.9,-0.9,-0.91,-0.92,-0.935,-0.95,-0.985,-1.01,-1.05,-1.06,-1.095,-1.115,-1.14,-1.155,-1.2,-1.225,-1.23,-1.225,-1.205,-1.195,-1.185,-1.175,-1.16,-1.185,-1.185,-1.26,-1.37,-1.525,-1.71,-1.895,-2.06,-2.225,-2.34,-2.395,-2.425,-2.44,-2.415,-2.46,-2.5,-2.55,-2.6,-2.645,-2.69,-2.715,-2.725,-2.72,-2.65,-2.555,-2.405,-2.235,-2.03,-1.89,-1.835,-1.83,-1.865,-1.905,-1.88,-1.84,-1.78,-1.7,-1.6,-1.505,-1.425,-1.355,-1.29,-1.225,-1.15,-1.1,-1.015,-0.935,-0.82,-0.74,-0.655,-0.59,-0.515,-0.45,-0.395,-0.355,-0.33,-0.3,-0.275,-0.235,-0.195,-0.17,-0.14,-0.115,-0.115,-0.105,-0.09,-0.085,-0.07,-0.075,-0.04,-0.015,0.0,0.01,0.035,0.055,0.065,0.07,0.075,0.105,0.13,0.155,0.175,0.215,0.23,0.255,0.28,0.285,0.325,0.325,0.345,0.365,0.38,0.4,0.42,0.445,0.475,0.5,0.53,0.555,0.57,0.585,0.6,0.615,0.63,0.645,0.68,0.69,0.705,0.725,0.74,0.745,0.76,0.755,0.75,0.74,0.745,0.74,0.74,0.73,0.735,0.735,0.73,0.71,0.695,0.665,0.655,0.645,0.625,0.6,0.57,0.57,0.545,0.525,0.515,0.49,0.455,0.41,0.38,0.355,0.31,0.28,0.255,0.225,0.21,0.195,0.17,0.15,0.115,0.075,0.045,0.01,-0.025,-0.055,-0.09,-0.115,-0.115,-0.13,-0.16,-0.175,-0.19,-0.215,-0.235,-0.27,-0.29,-0.305,-0.315,-0.325,-0.325,-0.335,-0.35,-0.355,-0.365,-0.375,-0.4,-0.415,-0.425,-0.445,-0.445,-0.45,-0.445,-0.44,-0.445,-0.45,-0.46,-0.465,-0.485,-0.5,-0.51,-0.51,-0.52,-0.53,-0.525,-0.515,-0.515,-0.53,-0.52,-0.54,-0.56,-0.57,-0.58,-0.59,-0.6,-0.59,-0.585
1.0,124.0,-0.615,-0.615,-0.615,-0.64,-0.64,-0.645,-0.635,-0.63,-0.62,-0.61,-0.61,-0.6,-0.61,-0.615,-0.615,-0.63,-0.63,-0.62,-0.625,-0.63,-0.625,-0.61,-0.6,-0.615,-0.61,-0.615,-0.62,-0.615,-0.62,-0.63,-0.62,-0.615,-0.605,-0.61,-0.595,-0.595,-0.6,-0.605,-0.6,-0.615,-0.625,-0.635,-0.635,-0.615,-0.61,-0.61,-0.6,-0.59,-0.6,-0.61,-0.615,-0.61,-0.61,-0.61,-0.61,-0.61,-0.605,-0.61,-0.59,-0.595,-0.595,-0.595,-0.61,-0.605,-0.615,-0.615,-0.62,-0.61,-0.605,-0.59,-0.59,-0.59,-0.6,-0.6,-0.595,-0.61,-0.62,-0.62,-0.64,-0.655,-0.665,-0.69,-0.71,-0.745,-0.775,-0.81,-0.84,-0.885,-0.94,-0.975,-1.015,-0.995,-0.98,-0.96,-0.935,-0.93,-0.92,-0.935,-0.975,-1.065,-1.18,-1.335,-1.495,-1.675,-1.84,-1.985,-2.11,-2.185,-2.22,-2.235,-2.24,-2.265,-2.3,-2.325,-2.375,-2.42,-2.44,-2.475,-2.485,-2.48,-2.43,-2.34,-2.195,-2.005,-1.825,-1.685,-1.6,-1.6,-1.62,-1.645,-1.68,-1.65,-1.635,-1.585,-1.535,-1.47,-1.4,-1.33,-1.235,-1.145,-1.055,-0.96,-0.87,-0.785,-0.705,-0.62,-0.53,-0.45,-0.365,-0.28,-0.215,-0.14,-0.075,-0.05,-0.005,0.015,0.005,0.015,0.005,0.02,0.035,0.075,0.105,0.155,0.185,0.215,0.235,0.245,0.25,0.235,0.21,0.215,0.215,0.23,0.255,0.275,0.3,0.34,0.37,0.395,0.415,0.435,0.46,0.475,0.5,0.51,0.53,0.57,0.595,0.63,0.665,0.69,0.71,0.72,0.74,0.745,0.76,0.765,0.78,0.8,0.825,0.855,0.87,0.88,0.885,0.89,0.885,0.895,0.89,0.9,0.9,0.9,0.915,0.91,0.91,0.91,0.89,0.88,0.845,0.825,0.805,0.78,0.775,0.755,0.745,0.725,0.715,0.68,0.655,0.635,0.59,0.565,0.52,0.5,0.46,0.435,0.405,0.385,0.355,0.33,0.28,0.24,0.21,0.175,0.12,0.09,0.055,0.04,0.015,-0.005,-0.01,-0.02,-0.055,-0.075,-0.115,-0.12,-0.155,-0.18,-0.2,-0.22,-0.22,-0.23,-0.24,-0.255,-0.265,-0.265,-0.29,-0.305,-0.325,-0.34,-0.345,-0.35,-0.35,-0.355,-0.36,-0.355,-0.37,-0.39,-0.4,-0.41,-0.425,-0.43,-0.45,-0.435,-0.44,-0.44,-0.45,-0.46,-0.455,-0.465,-0.48,-0.49,-0.505,-0.525,-0.515,-0.525,-0.515,-0.515,-0.505,-0.51
1.0,124.0,-0.6,-0.6,-0.585,-0.575,-0.575,-0.57,-0.565,-0.58,-0.59,-0.59,-0.605,-0.6,-0.61,-0.61,-0.59,-0.59,-0.58,-0.58,-0.575,-0.585,-0.595,-0.595,-0.615,-0.615,-0.62,-0.61,-0.6,-0.605,-0.595,-0.59,-0.59,-0.58,-0.595,-0.61,-0.605,-0.605,-0.595,-0.595,-0.585,-0.585,-0.58,-0.58,-0.585,-0.575,-0.595,-0.6,-0.6,-0.615,-0.605,-0.605,-0.595,-0.59,-0.59,-0.575,-0.58,-0.59,-0.6,-0.59,-0.595,-0.61,-0.605,-0.595,-0.59,-0.59,-0.585,-0.575,-0.59,-0.585,-0.595,-0.6,-0.615,-0.615,-0.62,-0.62,-0.62,-0.6,-0.6,-0.61,-0.62,-0.655,-0.69,-0.73,-0.78,-0.815,-0.855,-0.89,-0.91,-0.93,-0.95,-0.95,-0.94,-0.935,-0.935,-0.925,-0.92,-0.925,-0.95,-0.985,-1.05,-1.155,-1.255,-1.4,-1.565,-1.725,-1.88,-2.005,-2.095,-2.145,-2.17,-2.175,-2.205,-2.26,-2.31,-2.325,-2.385,-2.44,-2.49,-2.51,-2.505,-2.45,-2.345,-2.18,-1.97,-1.77,-1.66,-1.59,-1.58,-1.605,-1.64,-1.655,-1.65,-1.605,-1.545,-1.465,-1.38,-1.295,-1.205,-1.145,-1.075,-1.01,-0.94,-0.875,-0.81,-0.7,-0.56,-0.43,-0.3,-0.19,-0.1,-0.05,-0.005,0.005,-0.01,-0.035,-0.035,-0.02,0.0,0.025,0.05,0.085,0.11,0.14,0.15,0.16,0.17,0.18,0.205,0.215,0.235,0.26,0.295,0.315,0.345,0.355,0.39,0.4,0.4,0.425,0.44,0.46,0.465,0.495,0.525,0.54,0.585,0.61,0.63,0.64,0.655,0.66,0.675,0.695,0.715,0.72,0.75,0.77,0.795,0.825,0.825,0.845,0.845,0.83,0.845,0.85,0.85,0.865,0.87,0.885,0.89,0.89,0.88,0.89,0.87,0.87,0.845,0.83,0.82,0.81,0.79,0.79,0.785,0.765,0.74,0.715,0.685,0.66,0.625,0.605,0.575,0.555,0.53,0.495,0.48,0.45,0.405,0.37,0.335,0.295,0.25,0.225,0.195,0.155,0.145,0.115,0.095,0.07,0.04,0.0,-0.03,-0.055,-0.09,-0.115,-0.14,-0.16,-0.16,-0.195,-0.205,-0.23,-0.245,-0.26,-0.285,-0.305,-0.32,-0.33,-0.355,-0.36,-0.36,-0.37,-0.39,-0.38,-0.38,-0.39,-0.4,-0.415,-0.43,-0.43,-0.435,-0.43,-0.425,-0.43,-0.44,-0.445,-0.445,-0.45,-0.465,-0.47,-0.485,-0.495,-0.5,-0.505,-0.51,-0.5,-0.515,-0.525,-0.515,-0.525,-0.545,-0.555,-0.555,-0.56
1.0,124.0,-0.585,-0.595,-0.595,-0.595,-0.605,-0.605,-0.61,-0.61,-0.61,-0.595,-0.595,-0.58,-0.585,-0.59,-0.605,-0.59,-0.605,-0.605,-0.605,-0.595,-0.605,-0.6,-0.575,-0.575,-0.57,-0.565,-0.57,-0.59,-0.59,-0.6,-0.6,-0.59,-0.595,-0.585,-0.585,-0.575,-0.575,-0.575,-0.585,-0.58,-0.59,-0.595,-0.6,-0.595,-0.59,-0.585,-0.585,-0.58,-0.565,-0.57,-0.58,-0.585,-0.59,-0.6,-0.595,-0.595,-0.595,-0.58,-0.58,-0.575,-0.57,-0.575,-0.585,-0.585,-0.595,-0.595,-0.6,-0.595,-0.6,-0.6,-0.59,-0.585,-0.595,-0.6,-0.63,-0.645,-0.68,-0.72,-0.755,-0.78,-0.805,-0.845,-0.875,-0.91,-0.94,-0.96,-0.955,-0.955,-0.94,-0.94,-0.925,-0.925,-0.955,-1.005,-1.07,-1.19,-1.37,-1.57,-1.77,-1.96,-2.085,-2.165,-2.205,-2.2,-2.185,-2.17,-2.155,-2.155,-2.155,-2.185,-2.21,-2.29,-2.365,-2.415,-2.42,-2.35,-2.21,-1.99,-1.73,-1.485,-1.345,-1.225,-1.135,-1.04,-0.925,-0.8,-0.69,-0.575,-0.475,-0.415,-0.365,-0.33,-0.32,-0.31,-0.3,-0.29,-0.28,-0.265,-0.245,-0.225,-0.215,-0.195,-0.175,-0.16,-0.15,-0.135,-0.13,-0.12,-0.105,-0.1,-0.095,-0.065,-0.065,-0.065,-0.03,-0.015,0.0,0.015,0.035,0.04,0.06,0.055,0.075,0.095,0.11,0.13,0.15,0.155,0.2,0.2,0.22,0.23,0.235,0.245,0.255,0.265,0.28,0.3,0.325,0.355,0.37,0.38,0.395,0.405,0.415,0.43,0.44,0.46,0.475,0.5,0.52,0.54,0.56,0.555,0.565,0.58,0.58,0.58,0.58,0.605,0.615,0.615,0.645,0.64,0.64,0.65,0.645,0.65,0.63,0.625,0.63,0.625,0.625,0.615,0.61,0.6,0.605,0.595,0.57,0.545,0.5,0.465,0.445,0.43,0.41,0.39,0.375,0.36,0.335,0.31,0.27,0.245,0.21,0.18,0.15,0.12,0.095,0.08,0.055,0.03,0.015,-0.01,-0.035,-0.05,-0.07,-0.11,-0.12,-0.14,-0.145,-0.16,-0.165,-0.17,-0.185,-0.205,-0.22,-0.23,-0.255,-0.27,-0.275,-0.295,-0.305,-0.32,-0.325,-0.31,-0.31,-0.315,-0.325,-0.34,-0.355,-0.37,-0.38,-0.39,-0.39,-0.395,-0.39,-0.39,-0.395,-0.41,-0.415,-0.445,-0.445,-0.455,-0.475,-0.48,-0.495,-0.485,-0.49,-0.505,-0.5,-0.52,-0.51,-0.52,-0.535,-0.55,-0.555,-0.57,-0.565,-0.565,-0.555,-0.55
1.0,124.0,-0.975,-0.965,-0.95,-0.94,-0.92,-0.91,-0.9,-0.895,-0.89,-0.89,-0.895,-0.895,-0.905,-0.91,-0.915,-0.905,-0.9,-0.895,-0.91,-0.92,-0.94,-0.95,-0.975,-0.985,-0.995,-1.01,-1.025,-1.035,-1.045,-1.045,-1.05,-1.08,-1.08,-1.1,-1.105,-1.125,-1.15,-1.16,-1.16,-1.165,-1.175,-1.155,-1.165,-1.175,-1.15,-1.16,-1.16,-1.175,-1.185,-1.185,-1.17,-1.165,-1.145,-1.14,-1.13,-1.12,-1.125,-1.125,-1.135,-1.135,-1.13,-1.135,-1.145,-1.135,-1.115,-1.11,-1.105,-1.105,-1.09,-1.095,-1.105,-1.095,-1.11,-1.11,-1.095,-1.095,-1.09,-1.085,-1.07,-1.09,-1.085,-1.085,-1.08,-1.075,-1.095,-1.085,-1.09,-1.08,-1.085,-1.07,-1.075,-1.08,-1.07,-1.075,-1.08,-1.085,-1.085,-1.095,-1.095,-1.1,-1.075,-1.07,-1.055,-1.06,-1.065,-1.045,-1.035,-1.02,-0.995,-0.975,-0.93,-0.91,-0.885,-0.875,-0.895,-0.915,-0.965,-1.045,-1.18,-1.355,-1.57,-1.75,-1.87,-1.89,-1.83,-1.755,-1.69,-1.685,-1.755,-1.84,-1.95,-2.07,-2.175,-2.26,-2.31,-2.35,-2.39,-2.435,-2.46,-2.485,-2.5,-2.485,-2.465,-2.44,-2.415,-2.395,-2.41,-2.435,-2.42,-2.335,-2.205,-2.085,-1.97,-1.895,-1.85,-1.83,-1.805,-1.795,-1.78,-1.74,-1.695,-1.635,-1.535,-1.47,-1.375,-1.305,-1.22,-1.155,-1.085,-1.025,-0.97,-0.93,-0.89,-0.87,-0.835,-0.82,-0.8,-0.8,-0.795,-0.795,-0.78,-0.76,-0.745,-0.725,-0.69,-0.66,-0.635,-0.605,-0.6,-0.58,-0.575,-0.56,-0.555,-0.545,-0.555,-0.525,-0.51,-0.505,-0.495,-0.5,-0.495,-0.49,-0.465,-0.465,-0.445,-0.43,-0.41,-0.39,-0.375,-0.345,-0.33,-0.32,-0.305,-0.29,-0.28,-0.27,-0.26,-0.24,-0.235,-0.22,-0.2,-0.195,-0.17,-0.165,-0.16,-0.155,-0.16,-0.15,-0.155,-0.15,-0.165,-0.13,-0.12,-0.11,-0.09,-0.09,-0.095,-0.1,-0.105,-0.125,-0.125,-0.13,-0.14,-0.125,-0.14,-0.145,-0.14,-0.145,-0.165,-0.18,-0.215,-0.225,-0.245,-0.27,-0.295,-0.31,-0.325,-0.34,-0.345,-0.365,-0.395,-0.435,-0.455,-0.485,-0.52,-0.545,-0.57,-0.58,-0.595,-0.615,-0.62,-0.635,-0.665,-0.675,-0.7,-0.73,-0.74,-0.755,-0.76,-0.77,-0.765,-0.78,-0.77,-0.78,-0.805,-0.805,-0.825,-0.825,-0.825,-0.835,-0.835,-0.83,-0.84,-0.85,-0.845,-0.85,-0.865,-0.855,-0.87,-0.87
1.0,124.0,-0.98,-0.98,-0.98,-0.975,-0.975,-0.96,-0.97,-0.97,-0.96,-0.97,-0.97,-0.97,-0.97,-0.97,-0.98,-0.975,-0.945,-0.93,-0.915,-0.92,-0.905,-0.915,-0.925,-0.93,-0.935,-0.935,-0.925,-0.915,-0.925,-0.885,-0.88,-0.87,-0.88,-0.88,-0.89,-0.9,-0.885,-0.895,-0.89,-0.885,-0.875,-0.855,-0.85,-0.85,-0.86,-0.87,-0.87,-0.88,-0.89,-0.875,-0.865,-0.855,-0.845,-0.84,-0.835,-0.845,-0.85,-0.865,-0.865,-0.865,-0.865,-0.87,-0.865,-0.855,-0.845,-0.845,-0.835,-0.835,-0.825,-0.835,-0.84,-0.845,-0.85,-0.855,-0.845,-0.84,-0.84,-0.82,-0.83,-0.835,-0.865,-0.895,-0.92,-0.94,-0.955,-0.975,-0.98,-0.965,-0.945,-0.905,-0.86,-0.82,-0.805,-0.79,-0.78,-0.8,-0.815,-0.85,-0.905,-0.98,-1.09,-1.21,-1.365,-1.56,-1.76,-1.935,-2.05,-2.115,-2.17,-2.25,-2.35,-2.42,-2.5,-2.575,-2.665,-2.735,-2.805,-2.835,-2.8,-2.665,-2.495,-2.29,-2.135,-2.035,-2.01,-2.025,-2.075,-2.105,-2.105,-2.075,-2.025,-1.95,-1.865,-1.8,-1.725,-1.63,-1.54,-1.445,-1.35,-1.275,-1.2,-1.125,-1.03,-0.93,-0.855,-0.755,-0.68,-0.6,-0.51,-0.435,-0.39,-0.345,-0.315,-0.28,-0.28,-0.265,-0.265,-0.255,-0.245,-0.245,-0.215,-0.205,-0.18,-0.175,-0.17,-0.17,-0.17,-0.16,-0.135,-0.135,-0.105,-0.09,-0.065,-0.045,-0.015,0.0,0.005,0.0,0.015,0.025,0.03,0.055,0.06,0.08,0.105,0.115,0.135,0.145,0.165,0.185,0.2,0.215,0.225,0.235,0.25,0.265,0.28,0.29,0.315,0.33,0.33,0.335,0.335,0.34,0.345,0.37,0.375,0.39,0.4,0.41,0.43,0.43,0.435,0.43,0.42,0.41,0.405,0.4,0.385,0.375,0.375,0.365,0.355,0.34,0.325,0.29,0.26,0.22,0.195,0.165,0.135,0.1,0.085,0.055,0.04,0.02,-0.01,-0.05,-0.08,-0.105,-0.14,-0.175,-0.185,-0.205,-0.225,-0.25,-0.265,-0.29,-0.305,-0.34,-0.35,-0.375,-0.395,-0.415,-0.43,-0.43,-0.455,-0.47,-0.475,-0.47,-0.48,-0.5,-0.505,-0.515,-0.525,-0.535,-0.54,-0.54,-0.545,-0.54,-0.54,-0.56,-0.55,-0.575,-0.57,-0.59,-0.59,-0.595,-0.595,-0.605,-0.6,-0.605,-0.605,-0.615,-0.63,-0.645,-0.655,-0.665,-0.665,-0.675,-0.66,-0.67,-0.67,-0.675,-0.67,-0.675,-0.68,-0.7,-0.7,-0.71
1.0,124.0,-0.75,-0.755,-0.755,-0.76,-0.75,-0.735,-0.74,-0.725,-0.735,-0.73,-0.735,-0.735,-0.745,-0.74,-0.745,-0.76,-0.76,-0.75,-0.74,-0.745,-0.72,-0.725,-0.725,-0.735,-0.745,-0.74,-0.75,-0.755,-0.75,-0.735,-0.74,-0.745,-0.735,-0.74,-0.74,-0.755,-0.76,-0.75,-0.745,-0.755,-0.75,-0.74,-0.73,-0.725,-0.72,-0.72,-0.725,-0.735,-0.745,-0.74,-0.735,-0.73,-0.72,-0.715,-0.71,-0.7,-0.69,-0.7,-0.725,-0.73,-0.73,-0.745,-0.74,-0.725,-0.71,-0.685,-0.685,-0.675,-0.665,-0.665,-0.665,-0.69,-0.705,-0.72,-0.735,-0.755,-0.76,-0.785,-0.785,-0.8,-0.795,-0.79,-0.775,-0.77,-0.755,-0.725,-0.695,-0.675,-0.655,-0.655,-0.65,-0.66,-0.68,-0.72,-0.775,-0.865,-0.97,-1.14,-1.315,-1.51,-1.705,-1.84,-1.93,-1.995,-2.065,-2.165,-2.27,-2.35,-2.42,-2.475,-2.515,-2.565,-2.615,-2.65,-2.655,-2.6,-2.5,-2.355,-2.175,-2.01,-1.885,-1.775,-1.67,-1.55,-1.42,-1.265,-1.105,-0.95,-0.815,-0.71,-0.635,-0.565,-0.525,-0.51,-0.505,-0.5,-0.49,-0.48,-0.46,-0.43,-0.4,-0.4,-0.39,-0.39,-0.375,-0.375,-0.365,-0.36,-0.35,-0.335,-0.325,-0.31,-0.295,-0.285,-0.28,-0.28,-0.28,-0.27,-0.26,-0.255,-0.24,-0.225,-0.215,-0.2,-0.195,-0.185,-0.175,-0.175,-0.17,-0.165,-0.17,-0.145,-0.135,-0.11,-0.1,-0.09,-0.07,-0.07,-0.06,-0.045,-0.045,-0.045,-0.045,-0.025,0.0,0.0,0.025,0.05,0.065,0.085,0.1,0.1,0.115,0.12,0.135,0.145,0.15,0.18,0.19,0.21,0.225,0.23,0.22,0.23,0.23,0.24,0.24,0.245,0.255,0.265,0.265,0.275,0.275,0.28,0.275,0.27,0.25,0.24,0.225,0.205,0.205,0.195,0.18,0.165,0.155,0.125,0.085,0.055,0.04,0.01,-0.02,-0.05,-0.07,-0.095,-0.115,-0.145,-0.16,-0.19,-0.225,-0.25,-0.295,-0.32,-0.34,-0.35,-0.36,-0.38,-0.39,-0.4,-0.42,-0.435,-0.445,-0.465,-0.475,-0.5,-0.51,-0.52,-0.515,-0.52,-0.52,-0.515,-0.52,-0.525,-0.525,-0.525,-0.545,-0.545,-0.555,-0.56,-0.57,-0.56,-0.565,-0.56,-0.55,-0.575,-0.57,-0.59,-0.6,-0.605,-0.615,-0.615,-0.625,-0.625,-0.625,-0.625,-0.63,-0.64,-0.65,-0.67,-0.68,-0.695,-0.7,-0.7,-0.72,-0.72,-0.705,-0.71,-0.705,-0.72,-0.73,-0.75
1.0,124.0,-0.855,-0.86,-0.875,-0.87,-0.875,-0.86,-0.86,-0.855,-0.845,-0.845,-0.86,-0.85,-0.87,-0.87,-0.86,-0.86,-0.855,-0.86,-0.855,-0.84,-0.84,-0.845,-0.865,-0.865,-0.875,-0.875,-0.87,-0.86,-0.865,-0.85,-0.85,-0.84,-0.84,-0.845,-0.855,-0.85,-0.865,-0.865,-0.86,-0.86,-0.85,-0.845,-0.83,-0.83,-0.84,-0.85,-0.845,-0.845,-0.85,-0.85,-0.85,-0.865,-0.855,-0.825,-0.835,-0.835,-0.845,-0.835,-0.83,-0.82,-0.805,-0.815,-0.82,-0.805,-0.805,-0.795,-0.785,-0.79,-0.795,-0.805,-0.82,-0.845,-0.86,-0.875,-0.9,-0.91,-0.91,-0.915,-0.915,-0.915,-0.915,-0.905,-0.905,-0.895,-0.865,-0.84,-0.815,-0.785,-0.785,-0.78,-0.775,-0.78,-0.815,-0.87,-0.96,-1.06,-1.23,-1.4,-1.605,-1.83,-2.02,-2.17,-2.25,-2.3,-2.34,-2.41,-2.49,-2.565,-2.63,-2.69,-2.77,-2.845,-2.885,-2.89,-2.86,-2.765,-2.615,-2.455,-2.28,-2.12,-1.98,-1.855,-1.705,-1.56,-1.38,-1.205,-1.06,-0.91,-0.815,-0.715,-0.67,-0.645,-0.64,-0.625,-0.625,-0.605,-0.6,-0.57,-0.55,-0.535,-0.525,-0.515,-0.52,-0.52,-0.515,-0.51,-0.5,-0.485,-0.49,-0.48,-0.455,-0.435,-0.44,-0.43,-0.435,-0.435,-0.425,-0.43,-0.44,-0.425,-0.405,-0.39,-0.37,-0.355,-0.35,-0.35,-0.34,-0.335,-0.33,-0.33,-0.32,-0.31,-0.295,-0.29,-0.275,-0.26,-0.275,-0.255,-0.24,-0.23,-0.23,-0.22,-0.215,-0.19,-0.175,-0.15,-0.135,-0.105,-0.09,-0.08,-0.08,-0.08,-0.06,-0.035,-0.025,0.005,0.02,0.03,0.05,0.065,0.07,0.085,0.085,0.095,0.09,0.1,0.115,0.12,0.135,0.13,0.135,0.15,0.145,0.16,0.14,0.135,0.135,0.12,0.11,0.11,0.11,0.115,0.1,0.08,0.075,0.05,0.035,0.015,-0.01,-0.035,-0.055,-0.07,-0.07,-0.11,-0.125,-0.135,-0.175,-0.18,-0.22,-0.24,-0.28,-0.3,-0.325,-0.34,-0.365,-0.38,-0.395,-0.42,-0.445,-0.46,-0.485,-0.515,-0.535,-0.555,-0.575,-0.575,-0.59,-0.6,-0.6,-0.605,-0.61,-0.61,-0.63,-0.64,-0.635,-0.65,-0.655,-0.655,-0.665,-0.665,-0.65,-0.67,-0.675,-0.675,-0.685,-0.695,-0.71,-0.72,-0.735,-0.745,-0.755,-0.755,-0.75,-0.745,-0.755,-0.76,-0.775,-0.785,-0.8,-0.81,-0.805,-0.805,-0.815,-0.815,-0.825,-0.83,-0.84,-0.845,-0.85,-0.86
1.0,124.0,-0.925,-0.92,-0.925,-0.935,-0.945,-0.945,-0.94,-0.945,-0.94,-0.94,-0.935,-0.945,-0.935,-0.95,-0.945,-0.925,-0.94,-0.965,-0.965,-0.955,-0.94,-0.94,-0.93,-0.935,-0.925,-0.925,-0.935,-0.94,-0.94,-0.95,-0.96,-0.955,-0.96,-0.96,-0.945,-0.925,-0.91,-0.92,-0.935,-0.93,-0.95,-0.95,-0.945,-0.945,-0.95,-0.94,-0.945,-0.935,-0.92,-0.93,-0.92,-0.935,-0.945,-0.945,-0.96,-0.95,-0.945,-0.935,-0.935,-0.925,-0.915,-0.925,-0.93,-0.93,-0.93,-0.93,-0.92,-0.925,-0.92,-0.935,-0.925,-0.925,-0.92,-0.905,-0.9,-0.9,-0.89,-0.895,-0.89,-0.9,-0.91,-0.925,-0.945,-0.965,-0.98,-1.0,-1.01,-1.015,-0.985,-0.945,-0.9,-0.845,-0.805,-0.76,-0.735,-0.74,-0.755,-0.825,-0.905,-1.015,-1.155,-1.33,-1.525,-1.725,-1.89,-2.0,-2.09,-2.145,-2.23,-2.35,-2.475,-2.57,-2.67,-2.765,-2.87,-2.945,-2.995,-3.015,-2.965,-2.855,-2.645,-2.4,-2.17,-2.04,-1.975,-2.03,-2.13,-2.24,-2.285,-2.255,-2.145,-1.97,-1.79,-1.655,-1.555,-1.465,-1.39,-1.32,-1.245,-1.15,-1.055,-0.96,-0.87,-0.775,-0.7,-0.645,-0.62,-0.59,-0.58,-0.58,-0.575,-0.56,-0.555,-0.525,-0.505,-0.485,-0.47,-0.455,-0.455,-0.455,-0.435,-0.435,-0.43,-0.43,-0.42,-0.385,-0.375,-0.37,-0.37,-0.355,-0.34,-0.33,-0.325,-0.325,-0.315,-0.305,-0.295,-0.275,-0.26,-0.23,-0.23,-0.21,-0.195,-0.19,-0.185,-0.18,-0.17,-0.16,-0.14,-0.12,-0.1,-0.08,-0.06,-0.045,-0.025,-0.03,-0.025,-0.005,0.015,0.035,0.04,0.065,0.09,0.11,0.135,0.14,0.15,0.15,0.14,0.16,0.16,0.175,0.175,0.205,0.21,0.21,0.225,0.23,0.21,0.22,0.21,0.215,0.21,0.205,0.195,0.185,0.185,0.175,0.17,0.16,0.125,0.1,0.065,0.035,0.005,-0.02,-0.055,-0.085,-0.105,-0.13,-0.145,-0.18,-0.21,-0.26,-0.295,-0.34,-0.37,-0.4,-0.42,-0.455,-0.47,-0.49,-0.505,-0.535,-0.555,-0.575,-0.6,-0.625,-0.65,-0.665,-0.67,-0.68,-0.685,-0.7,-0.685,-0.695,-0.71,-0.71,-0.725,-0.74,-0.73,-0.74,-0.745,-0.735,-0.74,-0.75,-0.74,-0.725,-0.735,-0.745,-0.75,-0.76,-0.78,-0.79,-0.795,-0.805,-0.79,-0.78,-0.775,-0.78,-0.795,-0.8,-0.805,-0.825,-0.83,-0.845,-0.845,-0.85,-0.83,-0.84
1.0,124.0,-0.99,-1.0,-0.99,-0.99,-0.98,-0.975,-0.975,-0.97,-0.975,-0.975,-0.985,-0.99,-1.01,-1.01,-1.0,-0.995,-0.995,-0.99,-0.965,-0.97,-0.97,-0.985,-0.985,-0.995,-0.995,-1.0,-0.995,-0.995,-1.0,-1.01,-0.99,-0.995,-0.985,-0.98,-0.985,-0.995,-1.0,-0.995,-1.005,-0.995,-0.985,-0.975,-0.965,-0.97,-0.975,-0.975,-0.975,-0.985,-1.005,-0.995,-0.985,-0.985,-0.975,-0.96,-0.93,-0.915,-0.925,-0.925,-0.93,-0.93,-0.925,-0.935,-0.94,-0.935,-0.94,-0.95,-0.945,-0.945,-0.965,-0.98,-0.985,-0.995,-1.0,-0.995,-1.0,-0.99,-0.99,-1.005,-1.01,-1.025,-1.025,-1.05,-1.05,-1.06,-1.055,-1.02,-0.995,-0.985,-0.965,-0.955,-0.935,-0.92,-0.935,-0.97,-1.035,-1.115,-1.26,-1.415,-1.595,-1.795,-2.0,-2.19,-2.295,-2.365,-2.375,-2.385,-2.42,-2.47,-2.545,-2.635,-2.79,-2.955,-3.11,-3.195,-3.19,-3.11,-2.935,-2.67,-2.385,-2.1,-1.89,-1.745,-1.65,-1.545,-1.415,-1.265,-1.12,-0.99,-0.9,-0.85,-0.815,-0.81,-0.82,-0.815,-0.815,-0.795,-0.76,-0.745,-0.72,-0.72,-0.705,-0.705,-0.71,-0.71,-0.705,-0.705,-0.7,-0.69,-0.68,-0.655,-0.65,-0.64,-0.64,-0.625,-0.625,-0.63,-0.625,-0.625,-0.62,-0.615,-0.605,-0.585,-0.565,-0.55,-0.545,-0.535,-0.535,-0.53,-0.53,-0.535,-0.53,-0.515,-0.5,-0.495,-0.475,-0.47,-0.465,-0.465,-0.465,-0.455,-0.445,-0.445,-0.425,-0.42,-0.39,-0.39,-0.36,-0.36,-0.345,-0.34,-0.34,-0.34,-0.325,-0.32,-0.3,-0.285,-0.26,-0.24,-0.225,-0.21,-0.195,-0.19,-0.175,-0.16,-0.155,-0.145,-0.135,-0.12,-0.095,-0.085,-0.07,-0.06,-0.05,-0.05,-0.05,-0.045,-0.05,-0.06,-0.04,-0.05,-0.035,-0.035,-0.045,-0.055,-0.05,-0.07,-0.085,-0.09,-0.105,-0.115,-0.145,-0.14,-0.15,-0.155,-0.185,-0.2,-0.205,-0.24,-0.26,-0.285,-0.3,-0.335,-0.36,-0.37,-0.395,-0.415,-0.425,-0.435,-0.465,-0.485,-0.525,-0.555,-0.575,-0.6,-0.605,-0.64,-0.645,-0.665,-0.67,-0.675,-0.685,-0.705,-0.725,-0.745,-0.75,-0.76,-0.755,-0.76,-0.755,-0.77,-0.765,-0.775,-0.78,-0.805,-0.825,-0.84,-0.845,-0.86,-0.865,-0.87,-0.865,-0.87,-0.875,-0.875,-0.885,-0.91,-0.925,-0.935,-0.95,-0.955,-0.955,-0.97,-0.97,-0.97,-0.965,-0.965,-0.98,-0.995,-0.995,-1.005
1.0,124.0,-1.045,-1.035,-1.025,-1.02,-1.02,-1.025,-1.02,-1.04,-1.035,-1.045,-1.04,-1.035,-1.03,-1.025,-1.01,-1.01,-1.005,-1.02,-1.02,-1.025,-1.025,-1.03,-1.035,-1.025,-1.025,-1.025,-1.01,-1.01,-1.0,-1.01,-1.015,-1.015,-1.025,-1.02,-1.025,-1.02,-1.015,-1.01,-0.995,-1.0,-1.0,-1.015,-1.02,-1.01,-1.005,-1.005,-1.0,-0.995,-0.995,-0.995,-0.99,-0.985,-0.99,-0.99,-0.995,-0.99,-0.985,-0.97,-0.955,-0.955,-0.93,-0.935,-0.92,-0.92,-0.925,-0.935,-0.945,-0.965,-0.985,-0.995,-1.01,-0.99,-0.99,-0.975,-0.955,-0.935,-0.935,-0.955,-0.98,-1.005,-1.035,-1.075,-1.1,-1.105,-1.115,-1.11,-1.065,-1.02,-0.985,-0.96,-0.955,-0.94,-0.94,-0.955,-0.975,-1.02,-1.085,-1.18,-1.305,-1.44,-1.6,-1.745,-1.865,-1.92,-1.935,-1.965,-2.02,-2.115,-2.255,-2.445,-2.695,-2.895,-3.03,-3.08,-3.04,-2.895,-2.71,-2.48,-2.225,-1.965,-1.72,-1.565,-1.435,-1.325,-1.235,-1.135,-1.04,-0.94,-0.875,-0.85,-0.835,-0.825,-0.805,-0.785,-0.775,-0.765,-0.75,-0.73,-0.725,-0.725,-0.72,-0.715,-0.7,-0.69,-0.675,-0.665,-0.64,-0.645,-0.63,-0.625,-0.625,-0.63,-0.625,-0.62,-0.595,-0.595,-0.575,-0.57,-0.55,-0.545,-0.515,-0.515,-0.51,-0.51,-0.505,-0.495,-0.49,-0.48,-0.465,-0.45,-0.435,-0.425,-0.42,-0.42,-0.415,-0.41,-0.415,-0.39,-0.385,-0.365,-0.345,-0.335,-0.31,-0.3,-0.28,-0.28,-0.27,-0.27,-0.25,-0.225,-0.22,-0.195,-0.18,-0.16,-0.14,-0.135,-0.115,-0.115,-0.1,-0.09,-0.075,-0.075,-0.07,-0.06,-0.03,-0.035,-0.02,-0.005,-0.01,-0.02,-0.02,-0.025,-0.045,-0.06,-0.07,-0.075,-0.08,-0.085,-0.1,-0.11,-0.145,-0.17,-0.19,-0.215,-0.25,-0.275,-0.305,-0.31,-0.335,-0.35,-0.36,-0.39,-0.415,-0.44,-0.475,-0.495,-0.53,-0.555,-0.58,-0.6,-0.6,-0.62,-0.625,-0.625,-0.635,-0.65,-0.67,-0.69,-0.695,-0.705,-0.71,-0.705,-0.715,-0.715,-0.71,-0.71,-0.715,-0.72,-0.73,-0.745,-0.755,-0.745,-0.755,-0.75,-0.755,-0.755,-0.74,-0.76,-0.76,-0.765,-0.785,-0.805,-0.805,-0.815,-0.825,-0.83,-0.83,-0.84,-0.835,-0.845,-0.85,-0.865,-0.875,-0.9,-0.915,-0.905,-0.915,-0.905,-0.91,-0.92,-0.915,-0.905,-0.91,-0.925,-0.93,-0.945,-0.945,-0.96,-0.945,-0.95
1.0,124.0,-0.455,-0.455,-0.465,-0.46,-0.47,-0.475,-0.485,-0.485,-0.49,-0.5,-0.48,-0.49,-0.52,-0.535,-0.545,-0.555,-0.58,-0.59,-0.59,-0.605,-0.595,-0.585,-0.59,-0.6,-0.615,-0.635,-0.645,-0.655,-0.675,-0.69,-0.675,-0.68,-0.69,-0.69,-0.69,-0.665,-0.67,-0.675,-0.68,-0.675,-0.68,-0.68,-0.68,-0.66,-0.66,-0.66,-0.64,-0.635,-0.65,-0.65,-0.655,-0.655,-0.655,-0.655,-0.655,-0.64,-0.64,-0.625,-0.615,-0.62,-0.62,-0.625,-0.635,-0.63,-0.635,-0.635,-0.645,-0.64,-0.63,-0.625,-0.62,-0.62,-0.615,-0.615,-0.615,-0.625,-0.63,-0.635,-0.635,-0.625,-0.62,-0.615,-0.62,-0.615,-0.615,-0.61,-0.62,-0.62,-0.64,-0.635,-0.625,-0.625,-0.62,-0.61,-0.61,-0.605,-0.615,-0.62,-0.625,-0.615,-0.63,-0.64,-0.625,-0.615,-0.585,-0.57,-0.54,-0.5,-0.485,-0.45,-0.425,-0.41,-0.425,-0.43,-0.455,-0.48,-0.52,-0.615,-0.765,-0.955,-1.195,-1.43,-1.565,-1.615,-1.575,-1.495,-1.43,-1.405,-1.44,-1.51,-1.6,-1.7,-1.8,-1.885,-1.945,-1.975,-2.01,-2.05,-2.085,-2.12,-2.125,-2.13,-2.12,-2.085,-2.065,-2.05,-2.055,-2.075,-2.065,-2.0,-1.87,-1.73,-1.6,-1.485,-1.41,-1.35,-1.33,-1.325,-1.305,-1.3,-1.265,-1.215,-1.135,-1.045,-0.945,-0.845,-0.755,-0.665,-0.58,-0.53,-0.475,-0.445,-0.425,-0.405,-0.39,-0.365,-0.35,-0.34,-0.31,-0.3,-0.27,-0.25,-0.23,-0.225,-0.2,-0.185,-0.15,-0.14,-0.125,-0.1,-0.085,-0.07,-0.07,-0.065,-0.075,-0.07,-0.065,-0.06,-0.055,-0.045,-0.005,0.01,0.035,0.05,0.07,0.08,0.09,0.095,0.1,0.105,0.125,0.14,0.155,0.185,0.21,0.235,0.245,0.25,0.26,0.265,0.255,0.265,0.28,0.285,0.3,0.315,0.325,0.335,0.34,0.35,0.34,0.34,0.33,0.34,0.33,0.32,0.325,0.335,0.345,0.345,0.34,0.33,0.315,0.3,0.28,0.27,0.25,0.22,0.22,0.21,0.19,0.175,0.165,0.135,0.11,0.09,0.055,0.03,-0.015,-0.015,-0.04,-0.055,-0.065,-0.085,-0.1,-0.125,-0.15,-0.165,-0.195,-0.21,-0.25,-0.26,-0.27,-0.265,-0.265,-0.285,-0.285,-0.295,-0.315,-0.33,-0.345,-0.355,-0.375,-0.38,-0.385,-0.38,-0.38,-0.38,-0.385,-0.4,-0.4,-0.43,-0.435,-0.445,-0.45,-0.455,-0.465,-0.47,-0.48,-0.47
1.0,124.0,-1.035,-1.01,-1.01,-0.99,-0.995,-0.98,-0.955,-0.945,-0.925,-0.905,-0.885,-0.865,-0.86,-0.855,-0.85,-0.83,-0.83,-0.825,-0.83,-0.815,-0.815,-0.81,-0.81,-0.795,-0.81,-0.815,-0.825,-0.84,-0.86,-0.87,-0.885,-0.91,-0.915,-0.935,-0.94,-0.935,-0.945,-0.955,-0.97,-0.99,-1.01,-1.02,-1.035,-1.03,-1.045,-1.035,-1.045,-1.035,-1.04,-1.045,-1.05,-1.06,-1.075,-1.065,-1.075,-1.075,-1.07,-1.05,-1.05,-1.04,-1.045,-1.04,-1.05,-1.05,-1.075,-1.04,-1.05,-1.045,-1.03,-1.025,-1.025,-1.01,-1.02,-1.02,-1.02,-1.02,-1.015,-1.01,-1.015,-1.0,-0.99,-0.98,-0.975,-0.975,-0.975,-0.97,-0.975,-0.985,-0.98,-0.995,-0.99,-0.99,-0.975,-0.96,-0.96,-0.95,-0.955,-0.955,-0.96,-0.965,-0.965,-0.96,-0.965,-0.95,-0.94,-0.905,-0.895,-0.87,-0.845,-0.815,-0.785,-0.75,-0.74,-0.745,-0.775,-0.79,-0.83,-0.865,-0.955,-1.105,-1.29,-1.51,-1.68,-1.79,-1.795,-1.76,-1.68,-1.625,-1.61,-1.665,-1.75,-1.845,-1.945,-2.045,-2.125,-2.19,-2.25,-2.275,-2.32,-2.36,-2.39,-2.42,-2.41,-2.385,-2.37,-2.335,-2.34,-2.335,-2.34,-2.29,-2.195,-2.055,-1.915,-1.795,-1.71,-1.655,-1.63,-1.63,-1.62,-1.585,-1.555,-1.49,-1.415,-1.335,-1.245,-1.13,-1.035,-0.92,-0.845,-0.79,-0.75,-0.725,-0.705,-0.68,-0.67,-0.65,-0.63,-0.6,-0.57,-0.54,-0.52,-0.505,-0.48,-0.46,-0.44,-0.44,-0.43,-0.425,-0.4,-0.4,-0.38,-0.36,-0.36,-0.355,-0.335,-0.335,-0.335,-0.31,-0.32,-0.29,-0.255,-0.24,-0.22,-0.19,-0.185,-0.175,-0.185,-0.175,-0.16,-0.14,-0.125,-0.1,-0.085,-0.06,-0.05,-0.035,-0.02,-0.015,-0.015,-0.01,0.0,0.005,0.0,0.015,0.03,0.045,0.05,0.065,0.06,0.055,0.06,0.045,0.045,0.04,0.04,0.025,0.035,0.03,0.025,0.015,0.01,-0.025,-0.04,-0.05,-0.08,-0.1,-0.12,-0.145,-0.16,-0.175,-0.2,-0.215,-0.25,-0.265,-0.295,-0.315,-0.355,-0.38,-0.4,-0.435,-0.45,-0.46,-0.47,-0.48,-0.505,-0.51,-0.535,-0.555,-0.565,-0.575,-0.6,-0.605,-0.605,-0.63,-0.625,-0.62,-0.625,-0.64,-0.65,-0.67,-0.68,-0.69,-0.69,-0.695,-0.69,-0.695,-0.68,-0.68,-0.685,-0.69,-0.69,-0.71,-0.72,-0.715,-0.735,-0.75,-0.755,-0.745,-0.76,-0.76
1.0,124.0,-0.825,-0.835,-0.86,-0.885,-0.895,-0.9,-0.91,-0.91,-0.91,-0.915,-0.925,-0.93,-0.93,-0.945,-0.95,-0.96,-0.96,-0.96,-0.965,-0.955,-0.955,-0.95,-0.925,-0.945,-0.94,-0.945,-0.945,-0.945,-0.955,-0.955,-0.945,-0.93,-0.93,-0.92,-0.92,-0.915,-0.915,-0.915,-0.925,-0.93,-0.915,-0.91,-0.9,-0.885,-0.88,-0.875,-0.88,-0.88,-0.88,-0.88,-0.875,-0.885,-0.905,-0.885,-0.885,-0.87,-0.86,-0.865,-0.85,-0.85,-0.845,-0.855,-0.845,-0.84,-0.855,-0.845,-0.85,-0.84,-0.835,-0.83,-0.83,-0.85,-0.83,-0.845,-0.835,-0.84,-0.84,-0.835,-0.83,-0.82,-0.825,-0.82,-0.815,-0.82,-0.815,-0.82,-0.825,-0.825,-0.825,-0.82,-0.825,-0.82,-0.81,-0.81,-0.815,-0.815,-0.81,-0.82,-0.815,-0.83,-0.82,-0.825,-0.82,-0.795,-0.78,-0.765,-0.745,-0.72,-0.705,-0.675,-0.655,-0.625,-0.62,-0.61,-0.615,-0.645,-0.66,-0.73,-0.85,-1.05,-1.285,-1.505,-1.645,-1.69,-1.645,-1.555,-1.49,-1.485,-1.54,-1.625,-1.73,-1.845,-1.94,-2.025,-2.08,-2.115,-2.165,-2.19,-2.205,-2.205,-2.19,-2.155,-2.12,-2.1,-2.1,-2.115,-2.11,-2.06,-1.965,-1.85,-1.715,-1.63,-1.565,-1.525,-1.51,-1.495,-1.495,-1.475,-1.44,-1.385,-1.315,-1.22,-1.14,-1.04,-0.945,-0.845,-0.755,-0.695,-0.645,-0.63,-0.59,-0.59,-0.58,-0.565,-0.545,-0.525,-0.505,-0.49,-0.475,-0.465,-0.44,-0.43,-0.405,-0.39,-0.37,-0.35,-0.335,-0.33,-0.315,-0.29,-0.27,-0.255,-0.255,-0.245,-0.25,-0.255,-0.25,-0.25,-0.235,-0.205,-0.195,-0.165,-0.145,-0.13,-0.115,-0.1,-0.095,-0.095,-0.08,-0.07,-0.05,-0.04,-0.025,-0.01,0.03,0.035,0.05,0.05,0.06,0.07,0.07,0.08,0.08,0.095,0.105,0.12,0.125,0.13,0.135,0.135,0.135,0.135,0.14,0.145,0.125,0.135,0.13,0.145,0.15,0.14,0.135,0.115,0.105,0.1,0.08,0.055,0.04,0.035,0.02,0.0,0.005,-0.015,-0.04,-0.065,-0.095,-0.115,-0.135,-0.17,-0.185,-0.215,-0.22,-0.24,-0.265,-0.3,-0.32,-0.335,-0.37,-0.4,-0.42,-0.445,-0.455,-0.46,-0.475,-0.48,-0.505,-0.515,-0.525,-0.53,-0.545,-0.57,-0.585,-0.6,-0.595,-0.59,-0.585,-0.59,-0.59,-0.6,-0.61,-0.61,-0.615,-0.62,-0.625,-0.63,-0.635,-0.645,-0.635,-0.63,-0.635,-0.64
1.0,124.0,-0.82,-0.825,-0.82,-0.82,-0.83,-0.82,-0.81,-0.8,-0.795,-0.79,-0.79,-0.795,-0.79,-0.795,-0.805,-0.805,-0.79,-0.79,-0.78,-0.775,-0.77,-0.765,-0.765,-0.765,-0.765,-0.785,-0.78,-0.785,-0.785,-0.775,-0.765,-0.765,-0.755,-0.75,-0.77,-0.77,-0.775,-0.765,-0.775,-0.775,-0.77,-0.77,-0.765,-0.755,-0.75,-0.75,-0.76,-0.765,-0.76,-0.765,-0.775,-0.775,-0.775,-0.77,-0.76,-0.75,-0.75,-0.75,-0.75,-0.75,-0.755,-0.76,-0.765,-0.76,-0.755,-0.76,-0.755,-0.75,-0.745,-0.745,-0.74,-0.74,-0.755,-0.755,-0.765,-0.775,-0.765,-0.755,-0.755,-0.74,-0.735,-0.74,-0.745,-0.735,-0.745,-0.745,-0.76,-0.76,-0.755,-0.765,-0.765,-0.755,-0.745,-0.745,-0.745,-0.755,-0.77,-0.745,-0.745,-0.75,-0.75,-0.74,-0.73,-0.715,-0.705,-0.675,-0.655,-0.645,-0.62,-0.6,-0.555,-0.535,-0.52,-0.525,-0.535,-0.56,-0.6,-0.695,-0.855,-1.085,-1.335,-1.555,-1.69,-1.725,-1.66,-1.585,-1.55,-1.57,-1.635,-1.75,-1.875,-1.965,-2.05,-2.095,-2.115,-2.15,-2.185,-2.21,-2.21,-2.2,-2.18,-2.155,-2.13,-2.125,-2.125,-2.095,-2.0,-1.865,-1.725,-1.62,-1.55,-1.5,-1.47,-1.465,-1.45,-1.42,-1.385,-1.31,-1.225,-1.15,-1.06,-0.965,-0.86,-0.78,-0.705,-0.655,-0.615,-0.58,-0.56,-0.54,-0.52,-0.51,-0.5,-0.49,-0.475,-0.47,-0.45,-0.44,-0.43,-0.41,-0.4,-0.395,-0.385,-0.35,-0.33,-0.305,-0.275,-0.255,-0.245,-0.24,-0.235,-0.235,-0.24,-0.23,-0.23,-0.22,-0.225,-0.21,-0.2,-0.18,-0.15,-0.125,-0.11,-0.09,-0.09,-0.075,-0.06,-0.045,-0.03,-0.01,0.01,0.025,0.045,0.05,0.055,0.06,0.075,0.09,0.1,0.115,0.12,0.125,0.14,0.15,0.17,0.195,0.2,0.18,0.19,0.19,0.2,0.195,0.205,0.205,0.205,0.205,0.21,0.215,0.205,0.195,0.19,0.175,0.165,0.15,0.145,0.14,0.12,0.115,0.12,0.1,0.075,0.055,0.03,0.0,-0.025,-0.035,-0.045,-0.065,-0.09,-0.105,-0.115,-0.13,-0.16,-0.185,-0.205,-0.23,-0.25,-0.27,-0.29,-0.315,-0.325,-0.34,-0.345,-0.355,-0.38,-0.395,-0.415,-0.425,-0.43,-0.445,-0.45,-0.445,-0.45,-0.46,-0.46,-0.46,-0.475,-0.485,-0.49,-0.5,-0.51,-0.515,-0.525,-0.515,-0.515,-0.52,-0.515,-0.525,-0.54,-0.55
1.0,124.0,-0.91,-0.915,-0.915,-0.905,-0.9,-0.885,-0.885,-0.885,-0.89,-0.905,-0.9,-0.9,-0.9,-0.9,-0.89,-0.875,-0.89,-0.885,-0.875,-0.885,-0.88,-0.89,-0.895,-0.905,-0.905,-0.88,-0.885,-0.87,-0.86,-0.86,-0.85,-0.855,-0.85,-0.87,-0.87,-0.87,-0.865,-0.87,-0.86,-0.855,-0.845,-0.85,-0.845,-0.845,-0.85,-0.85,-0.855,-0.865,-0.875,-0.865,-0.86,-0.845,-0.84,-0.845,-0.83,-0.84,-0.84,-0.86,-0.865,-0.875,-0.88,-0.865,-0.86,-0.85,-0.84,-0.84,-0.85,-0.855,-0.86,-0.855,-0.855,-0.855,-0.86,-0.85,-0.855,-0.845,-0.845,-0.84,-0.835,-0.84,-0.84,-0.86,-0.85,-0.845,-0.855,-0.845,-0.84,-0.84,-0.83,-0.825,-0.825,-0.825,-0.835,-0.825,-0.835,-0.84,-0.845,-0.85,-0.86,-0.85,-0.84,-0.825,-0.805,-0.805,-0.785,-0.78,-0.77,-0.75,-0.745,-0.71,-0.66,-0.62,-0.6,-0.59,-0.605,-0.62,-0.65,-0.745,-0.87,-1.065,-1.285,-1.525,-1.675,-1.74,-1.675,-1.585,-1.48,-1.445,-1.49,-1.565,-1.695,-1.805,-1.905,-1.985,-2.045,-2.075,-2.075,-2.1,-2.125,-2.165,-2.18,-2.185,-2.165,-2.125,-2.105,-2.09,-2.095,-2.065,-2.005,-1.875,-1.755,-1.635,-1.555,-1.51,-1.49,-1.495,-1.495,-1.48,-1.455,-1.395,-1.33,-1.23,-1.14,-1.045,-0.96,-0.87,-0.78,-0.715,-0.665,-0.625,-0.565,-0.505,-0.47,-0.41,-0.365,-0.345,-0.355,-0.36,-0.375,-0.4,-0.42,-0.42,-0.42,-0.4,-0.385,-0.355,-0.34,-0.345,-0.335,-0.33,-0.32,-0.33,-0.305,-0.31,-0.285,-0.255,-0.245,-0.225,-0.19,-0.185,-0.17,-0.165,-0.155,-0.145,-0.135,-0.125,-0.12,-0.095,-0.07,-0.06,-0.04,-0.035,-0.035,-0.04,-0.01,-0.005,0.0,0.015,0.025,0.05,0.055,0.08,0.09,0.095,0.1,0.095,0.1,0.085,0.1,0.11,0.115,0.11,0.125,0.13,0.135,0.135,0.14,0.13,0.135,0.11,0.1,0.11,0.095,0.1,0.09,0.1,0.09,0.08,0.075,0.05,0.035,0.005,-0.015,-0.035,-0.05,-0.07,-0.09,-0.105,-0.12,-0.145,-0.17,-0.185,-0.21,-0.24,-0.265,-0.29,-0.32,-0.33,-0.36,-0.375,-0.38,-0.405,-0.425,-0.445,-0.47,-0.485,-0.51,-0.525,-0.53,-0.535,-0.54,-0.55,-0.55,-0.57,-0.595,-0.595,-0.595,-0.61,-0.615,-0.615,-0.61,-0.605,-0.605,-0.595,-0.595,-0.59,-0.595,-0.6,-0.595,-0.6
1.0,124.0,-0.595,-0.585,-0.57,-0.56,-0.545,-0.555,-0.55,-0.56,-0.565,-0.56,-0.565,-0.58,-0.58,-0.585,-0.59,-0.605,-0.6,-0.62,-0.63,-0.645,-0.655,-0.675,-0.68,-0.69,-0.7,-0.705,-0.72,-0.715,-0.725,-0.735,-0.74,-0.74,-0.75,-0.75,-0.77,-0.77,-0.775,-0.765,-0.77,-0.77,-0.745,-0.74,-0.75,-0.75,-0.75,-0.76,-0.76,-0.755,-0.755,-0.755,-0.745,-0.745,-0.73,-0.735,-0.72,-0.725,-0.725,-0.745,-0.725,-0.73,-0.73,-0.72,-0.71,-0.71,-0.71,-0.7,-0.705,-0.705,-0.71,-0.725,-0.71,-0.72,-0.72,-0.715,-0.71,-0.695,-0.685,-0.685,-0.695,-0.7,-0.715,-0.715,-0.71,-0.7,-0.705,-0.7,-0.695,-0.695,-0.68,-0.675,-0.69,-0.675,-0.69,-0.69,-0.705,-0.7,-0.705,-0.7,-0.695,-0.69,-0.675,-0.66,-0.665,-0.65,-0.64,-0.635,-0.605,-0.59,-0.55,-0.505,-0.475,-0.45,-0.455,-0.47,-0.505,-0.53,-0.58,-0.625,-0.71,-0.845,-1.015,-1.2,-1.395,-1.545,-1.615,-1.62,-1.55,-1.475,-1.42,-1.425,-1.46,-1.545,-1.65,-1.73,-1.795,-1.87,-1.925,-1.98,-2.015,-2.035,-2.075,-2.115,-2.165,-2.185,-2.19,-2.195,-2.18,-2.15,-2.11,-2.11,-2.12,-2.115,-2.12,-2.085,-1.995,-1.865,-1.705,-1.57,-1.46,-1.395,-1.35,-1.33,-1.3,-1.295,-1.25,-1.205,-1.125,-1.065,-0.96,-0.88,-0.795,-0.72,-0.64,-0.585,-0.54,-0.5,-0.475,-0.465,-0.45,-0.435,-0.43,-0.4,-0.39,-0.365,-0.345,-0.33,-0.31,-0.28,-0.265,-0.245,-0.23,-0.215,-0.205,-0.19,-0.17,-0.17,-0.15,-0.14,-0.13,-0.12,-0.135,-0.14,-0.135,-0.145,-0.115,-0.095,-0.085,-0.06,-0.045,-0.03,0.0,0.005,0.015,0.02,0.05,0.06,0.075,0.095,0.12,0.125,0.155,0.165,0.175,0.18,0.19,0.18,0.205,0.21,0.22,0.24,0.26,0.27,0.29,0.3,0.31,0.305,0.31,0.31,0.3,0.32,0.32,0.335,0.335,0.33,0.34,0.33,0.34,0.33,0.305,0.3,0.285,0.275,0.275,0.26,0.25,0.235,0.225,0.21,0.19,0.16,0.155,0.12,0.095,0.075,0.06,0.03,0.03,0.005,-0.01,-0.03,-0.06,-0.08,-0.105,-0.12,-0.14,-0.17,-0.185,-0.2,-0.215,-0.215,-0.23,-0.235,-0.265,-0.28,-0.3,-0.315,-0.325,-0.345,-0.35,-0.36,-0.345,-0.35,-0.355,-0.36,-0.375,-0.38,-0.405,-0.41,-0.425,-0.445
1.0,124.0,-0.435,-0.445,-0.44,-0.45,-0.45,-0.435,-0.425,-0.435,-0.42,-0.425,-0.435,-0.43,-0.445,-0.445,-0.445,-0.44,-0.44,-0.43,-0.43,-0.42,-0.42,-0.43,-0.43,-0.44,-0.445,-0.455,-0.455,-0.45,-0.445,-0.445,-0.455,-0.455,-0.425,-0.425,-0.435,-0.445,-0.44,-0.46,-0.445,-0.445,-0.445,-0.455,-0.45,-0.435,-0.435,-0.44,-0.445,-0.455,-0.45,-0.465,-0.465,-0.465,-0.46,-0.455,-0.45,-0.445,-0.435,-0.44,-0.445,-0.45,-0.465,-0.465,-0.465,-0.455,-0.45,-0.46,-0.46,-0.445,-0.435,-0.445,-0.445,-0.46,-0.46,-0.455,-0.465,-0.46,-0.44,-0.44,-0.435,-0.44,-0.435,-0.455,-0.435,-0.435,-0.425,-0.425,-0.42,-0.405,-0.39,-0.36,-0.33,-0.3,-0.26,-0.245,-0.215,-0.205,-0.175,-0.12,-0.055,0.02,0.075,0.11,0.15,0.185,0.235,0.28,0.335,0.37,0.39,0.385,0.405,0.425,0.46,0.5,0.535,0.545,0.51,0.4,0.175,-0.15,-0.55,-0.975,-1.31,-1.51,-1.585,-1.54,-1.4,-1.185,-0.995,-0.87,-0.83,-0.85,-0.925,-1.015,-1.07,-1.105,-1.09,-1.02,-0.955,-0.875,-0.8,-0.75,-0.7,-0.685,-0.67,-0.68,-0.685,-0.685,-0.69,-0.69,-0.68,-0.68,-0.665,-0.67,-0.695,-0.69,-0.7,-0.71,-0.7,-0.7,-0.7,-0.7,-0.7,-0.705,-0.705,-0.705,-0.695,-0.695,-0.715,-0.715,-0.71,-0.715,-0.73,-0.72,-0.715,-0.72,-0.715,-0.715,-0.715,-0.725,-0.73,-0.75,-0.745,-0.745,-0.74,-0.73,-0.73,-0.73,-0.73,-0.735,-0.74,-0.745,-0.76,-0.775,-0.75,-0.76,-0.77,-0.755,-0.745,-0.74,-0.74,-0.745,-0.74,-0.75,-0.75,-0.755,-0.75,-0.75,-0.745,-0.735,-0.72,-0.725,-0.71,-0.71,-0.695,-0.695,-0.695,-0.695,-0.69,-0.685,-0.68,-0.665,-0.655,-0.655,-0.655,-0.65,-0.655,-0.65,-0.655,-0.645,-0.665,-0.66,-0.66,-0.645,-0.64,-0.63,-0.615,-0.635,-0.63,-0.65,-0.64,-0.645,-0.635,-0.63,-0.625,-0.615,-0.62,-0.61,-0.6,-0.61,-0.625,-0.635,-0.63,-0.635,-0.64,-0.64,-0.635,-0.625,-0.625,-0.63,-0.62,-0.625,-0.62,-0.63,-0.635,-0.65,-0.63,-0.645,-0.64,-0.645,-0.63,-0.625,-0.615,-0.62,-0.615,-0.63,-0.63,-0.625,-0.635,-0.64,-0.625,-0.625,-0.625,-0.61,-0.615,-0.615,-0.625,-0.605,-0.61,-0.62,-0.635,-0.63,-0.62,-0.61,-0.615,-0.61,-0.615,-0.605,-0.615,-0.625
1.0,124.0,-0.735,-0.73,-0.73,-0.72,-0.71,-0.71,-0.73,-0.74,-0.75,-0.755,-0.755,-0.76,-0.745,-0.745,-0.745,-0.735,-0.73,-0.73,-0.73,-0.735,-0.75,-0.75,-0.76,-0.765,-0.77,-0.755,-0.75,-0.74,-0.74,-0.735,-0.74,-0.76,-0.76,-0.77,-0.765,-0.78,-0.765,-0.775,-0.765,-0.75,-0.745,-0.76,-0.75,-0.76,-0.765,-0.775,-0.78,-0.775,-0.79,-0.78,-0.765,-0.775,-0.75,-0.765,-0.775,-0.775,-0.79,-0.78,-0.79,-0.8,-0.81,-0.8,-0.795,-0.79,-0.775,-0.78,-0.78,-0.78,-0.8,-0.81,-0.815,-0.81,-0.81,-0.805,-0.795,-0.79,-0.78,-0.785,-0.785,-0.79,-0.8,-0.81,-0.81,-0.81,-0.815,-0.805,-0.795,-0.795,-0.775,-0.75,-0.72,-0.685,-0.665,-0.64,-0.6,-0.57,-0.485,-0.405,-0.32,-0.26,-0.225,-0.23,-0.2,-0.185,-0.16,-0.115,-0.055,-0.005,0.03,0.055,0.095,0.14,0.2,0.26,0.31,0.33,0.305,0.19,-0.03,-0.38,-0.805,-1.225,-1.565,-1.75,-1.815,-1.775,-1.625,-1.435,-1.27,-1.15,-1.13,-1.18,-1.26,-1.355,-1.43,-1.435,-1.405,-1.355,-1.285,-1.205,-1.125,-1.07,-1.015,-0.985,-0.985,-0.99,-0.995,-1.0,-1.005,-1.0,-0.99,-1.0,-1.005,-1.03,-1.04,-1.055,-1.075,-1.075,-1.065,-1.065,-1.05,-1.05,-1.035,-1.025,-1.025,-1.02,-1.03,-1.04,-1.045,-1.055,-1.06,-1.09,-1.1,-1.12,-1.135,-1.155,-1.165,-1.17,-1.18,-1.18,-1.19,-1.18,-1.185,-1.185,-1.17,-1.18,-1.185,-1.18,-1.19,-1.19,-1.195,-1.215,-1.22,-1.22,-1.22,-1.21,-1.2,-1.205,-1.205,-1.22,-1.22,-1.225,-1.22,-1.225,-1.225,-1.225,-1.215,-1.215,-1.195,-1.21,-1.205,-1.185,-1.19,-1.19,-1.185,-1.185,-1.185,-1.18,-1.165,-1.155,-1.14,-1.145,-1.15,-1.14,-1.14,-1.14,-1.135,-1.13,-1.12,-1.115,-1.1,-1.095,-1.09,-1.08,-1.07,-1.07,-1.07,-1.08,-1.07,-1.075,-1.07,-1.08,-1.065,-1.06,-1.06,-1.055,-1.06,-1.075,-1.06,-1.075,-1.07,-1.07,-1.075,-1.06,-1.065,-1.07,-1.065,-1.065,-1.08,-1.085,-1.1,-1.105,-1.105,-1.12,-1.115,-1.11,-1.115,-1.12,-1.115,-1.115,-1.125,-1.13,-1.14,-1.145,-1.145,-1.16,-1.155,-1.15,-1.135,-1.145,-1.14,-1.145,-1.15,-1.16,-1.16,-1.175,-1.165,-1.16,-1.165,-1.155,-1.155,-1.155,-1.14,-1.145,-1.15,-1.16,-1.165,-1.155,-1.165,-1.17
1.0,124.0,-1.125,-1.12,-1.13,-1.14,-1.13,-1.135,-1.135,-1.155,-1.16,-1.16,-1.155,-1.145,-1.145,-1.14,-1.14,-1.14,-1.135,-1.15,-1.155,-1.155,-1.16,-1.16,-1.15,-1.15,-1.155,-1.145,-1.14,-1.135,-1.145,-1.15,-1.16,-1.165,-1.155,-1.15,-1.15,-1.145,-1.15,-1.13,-1.125,-1.135,-1.14,-1.135,-1.145,-1.155,-1.155,-1.155,-1.155,-1.15,-1.14,-1.13,-1.135,-1.14,-1.14,-1.15,-1.155,-1.15,-1.16,-1.17,-1.155,-1.155,-1.14,-1.135,-1.135,-1.135,-1.14,-1.15,-1.16,-1.17,-1.16,-1.175,-1.165,-1.15,-1.14,-1.135,-1.13,-1.14,-1.14,-1.14,-1.145,-1.165,-1.165,-1.16,-1.16,-1.16,-1.135,-1.115,-1.085,-1.07,-1.035,-1.01,-0.985,-0.955,-0.935,-0.875,-0.78,-0.7,-0.62,-0.56,-0.53,-0.515,-0.505,-0.49,-0.455,-0.41,-0.35,-0.325,-0.28,-0.25,-0.22,-0.175,-0.125,-0.08,-0.015,0.025,0.05,0.07,-0.01,-0.19,-0.505,-0.915,-1.335,-1.685,-1.91,-2.02,-1.995,-1.88,-1.69,-1.53,-1.445,-1.435,-1.47,-1.56,-1.675,-1.735,-1.77,-1.755,-1.69,-1.6,-1.52,-1.44,-1.385,-1.34,-1.315,-1.305,-1.33,-1.325,-1.33,-1.335,-1.325,-1.34,-1.345,-1.345,-1.35,-1.355,-1.355,-1.365,-1.365,-1.36,-1.37,-1.38,-1.38,-1.375,-1.375,-1.38,-1.37,-1.355,-1.33,-1.325,-1.315,-1.32,-1.315,-1.315,-1.325,-1.325,-1.33,-1.34,-1.355,-1.355,-1.375,-1.35,-1.365,-1.365,-1.36,-1.36,-1.365,-1.36,-1.375,-1.375,-1.375,-1.385,-1.375,-1.375,-1.36,-1.355,-1.365,-1.36,-1.37,-1.37,-1.375,-1.385,-1.37,-1.39,-1.37,-1.365,-1.365,-1.355,-1.345,-1.33,-1.32,-1.325,-1.315,-1.315,-1.315,-1.305,-1.295,-1.28,-1.265,-1.24,-1.225,-1.22,-1.21,-1.21,-1.195,-1.195,-1.185,-1.175,-1.17,-1.155,-1.15,-1.135,-1.13,-1.13,-1.115,-1.12,-1.12,-1.115,-1.11,-1.115,-1.095,-1.08,-1.09,-1.08,-1.065,-1.075,-1.08,-1.09,-1.095,-1.1,-1.11,-1.105,-1.09,-1.095,-1.1,-1.095,-1.09,-1.09,-1.105,-1.125,-1.13,-1.14,-1.15,-1.145,-1.15,-1.14,-1.145,-1.145,-1.145,-1.15,-1.16,-1.165,-1.175,-1.18,-1.19,-1.175,-1.185,-1.185,-1.175,-1.165,-1.165,-1.16,-1.17,-1.16,-1.18,-1.18,-1.18,-1.175,-1.16,-1.145,-1.15,-1.145,-1.135,-1.14,-1.13,-1.14,-1.155,-1.155,-1.15,-1.155,-1.155,-1.145
1.0,124.0,-1.125,-1.145,-1.135,-1.135,-1.11,-1.115,-1.13,-1.115,-1.115,-1.135,-1.135,-1.13,-1.125,-1.125,-1.115,-1.115,-1.105,-1.1,-1.1,-1.115,-1.115,-1.12,-1.125,-1.135,-1.12,-1.115,-1.11,-1.11,-1.09,-1.095,-1.1,-1.105,-1.125,-1.13,-1.13,-1.125,-1.12,-1.12,-1.105,-1.105,-1.105,-1.085,-1.09,-1.1,-1.095,-1.105,-1.105,-1.115,-1.115,-1.115,-1.095,-1.09,-1.075,-1.08,-1.08,-1.075,-1.08,-1.095,-1.1,-1.105,-1.095,-1.095,-1.095,-1.09,-1.08,-1.075,-1.08,-1.085,-1.085,-1.08,-1.09,-1.1,-1.095,-1.08,-1.075,-1.085,-1.07,-1.06,-1.055,-1.05,-1.065,-1.065,-1.075,-1.075,-1.065,-1.065,-1.04,-1.01,-0.965,-0.91,-0.87,-0.84,-0.815,-0.78,-0.72,-0.645,-0.575,-0.525,-0.48,-0.455,-0.435,-0.415,-0.39,-0.34,-0.28,-0.235,-0.215,-0.21,-0.2,-0.175,-0.115,-0.045,0.015,0.075,0.095,0.095,0.05,-0.08,-0.32,-0.635,-1.01,-1.365,-1.67,-1.85,-1.9,-1.91,-1.86,-1.755,-1.6,-1.47,-1.375,-1.335,-1.335,-1.405,-1.475,-1.595,-1.62,-1.615,-1.56,-1.47,-1.395,-1.315,-1.265,-1.23,-1.21,-1.195,-1.2,-1.2,-1.22,-1.22,-1.215,-1.215,-1.23,-1.23,-1.245,-1.26,-1.255,-1.265,-1.26,-1.255,-1.25,-1.245,-1.25,-1.235,-1.245,-1.235,-1.245,-1.225,-1.205,-1.195,-1.19,-1.18,-1.17,-1.175,-1.18,-1.205,-1.21,-1.205,-1.21,-1.23,-1.23,-1.235,-1.235,-1.23,-1.225,-1.22,-1.225,-1.225,-1.23,-1.23,-1.235,-1.245,-1.25,-1.24,-1.245,-1.225,-1.215,-1.22,-1.215,-1.225,-1.215,-1.22,-1.23,-1.23,-1.225,-1.225,-1.225,-1.21,-1.2,-1.185,-1.18,-1.165,-1.165,-1.16,-1.165,-1.16,-1.155,-1.14,-1.13,-1.12,-1.105,-1.095,-1.08,-1.075,-1.075,-1.07,-1.065,-1.055,-1.06,-1.05,-1.03,-1.02,-1.01,-0.99,-0.99,-0.98,-0.99,-1.0,-0.995,-0.995,-0.995,-0.99,-0.985,-0.975,-0.975,-0.975,-0.97,-0.965,-0.975,-0.99,-0.995,-0.99,-1.0,-1.0,-1.0,-0.99,-0.99,-0.995,-0.99,-1.0,-1.005,-1.015,-1.025,-1.035,-1.03,-1.03,-1.025,-1.025,-1.03,-1.04,-1.035,-1.04,-1.05,-1.07,-1.08,-1.085,-1.095,-1.075,-1.07,-1.075,-1.055,-1.055,-1.07,-1.075,-1.095,-1.105,-1.09,-1.095,-1.095,-1.09,-1.08,-1.065,-1.08,-1.07,-1.065,-1.06,-1.075,-1.07,-1.075,-1.075
1.0,124.0,-1.01,-1.015,-1.0,-1.01,-1.0,-1.015,-1.01,-1.025,-1.035,-1.05,-1.035,-1.03,-1.025,-1.02,-1.005,-1.015,-1.01,-1.015,-1.03,-1.035,-1.045,-1.05,-1.035,-1.025,-1.015,-1.005,-1.01,-1.01,-1.015,-1.005,-1.01,-1.005,-1.02,-1.02,-1.015,-1.01,-1.015,-1.005,-0.995,-1.0,-1.0,-1.0,-1.0,-1.015,-1.015,-1.035,-1.02,-1.015,-1.02,-1.0,-1.0,-0.99,-0.995,-1.0,-1.01,-1.01,-1.01,-1.03,-1.035,-1.02,-1.01,-0.995,-0.99,-0.98,-0.995,-0.995,-1.0,-1.0,-1.005,-1.0,-1.025,-1.0,-0.995,-0.99,-0.98,-0.975,-0.99,-0.99,-0.985,-0.995,-0.995,-0.99,-0.995,-0.98,-0.96,-0.93,-0.885,-0.845,-0.81,-0.785,-0.77,-0.735,-0.685,-0.61,-0.54,-0.475,-0.42,-0.38,-0.37,-0.35,-0.33,-0.285,-0.245,-0.205,-0.145,-0.125,-0.105,-0.07,-0.015,0.045,0.12,0.17,0.23,0.26,0.265,0.21,0.085,-0.135,-0.47,-0.86,-1.225,-1.51,-1.695,-1.775,-1.77,-1.7,-1.585,-1.435,-1.32,-1.25,-1.25,-1.295,-1.37,-1.445,-1.515,-1.535,-1.495,-1.455,-1.385,-1.305,-1.24,-1.18,-1.15,-1.14,-1.145,-1.155,-1.17,-1.165,-1.17,-1.165,-1.18,-1.18,-1.19,-1.195,-1.21,-1.225,-1.23,-1.23,-1.235,-1.215,-1.215,-1.21,-1.195,-1.19,-1.185,-1.185,-1.185,-1.17,-1.165,-1.165,-1.165,-1.17,-1.16,-1.165,-1.175,-1.205,-1.21,-1.22,-1.24,-1.225,-1.225,-1.23,-1.21,-1.2,-1.205,-1.205,-1.21,-1.215,-1.215,-1.23,-1.23,-1.23,-1.22,-1.215,-1.215,-1.21,-1.205,-1.205,-1.205,-1.215,-1.22,-1.22,-1.225,-1.225,-1.215,-1.21,-1.2,-1.175,-1.18,-1.155,-1.15,-1.155,-1.155,-1.14,-1.13,-1.135,-1.12,-1.105,-1.08,-1.06,-1.035,-1.035,-1.02,-1.02,-1.01,-1.01,-1.005,-0.99,-0.985,-0.97,-0.955,-0.95,-0.94,-0.935,-0.94,-0.93,-0.95,-0.95,-0.955,-0.945,-0.95,-0.94,-0.935,-0.93,-0.93,-0.95,-0.96,-0.98,-0.98,-0.985,-0.985,-0.985,-1.005,-1.015,-1.01,-0.995,-1.005,-1.025,-1.045,-1.045,-1.05,-1.055,-1.07,-1.055,-1.06,-1.07,-1.06,-1.055,-1.05,-1.065,-1.075,-1.07,-1.075,-1.085,-1.085,-1.095,-1.075,-1.07,-1.065,-1.045,-1.04,-1.06,-1.06,-1.05,-1.05,-1.055,-1.045,-1.04,-1.035,-1.025,-1.02,-1.015,-1.025,-1.025,-1.01,-1.015,-1.03,-1.025,-1.035,-1.03
1.0,124.0,-1.005,-1.01,-1.01,-1.01,-0.995,-1.0,-0.995,-0.995,-1.005,-1.01,-0.99,-1.0,-0.995,-1.0,-1.005,-1.0,-0.99,-0.99,-0.985,-0.99,-0.98,-0.99,-0.985,-1.0,-0.99,-0.995,-1.0,-1.0,-0.995,-0.995,-0.995,-0.98,-0.985,-0.99,-0.99,-0.995,-1.0,-1.0,-1.01,-1.0,-1.015,-0.995,-0.99,-0.98,-1.0,-0.99,-0.985,-0.985,-1.0,-1.0,-0.995,-1.0,-0.995,-0.985,-0.99,-0.975,-0.98,-0.985,-0.99,-1.0,-0.995,-0.99,-1.0,-1.0,-0.995,-0.99,-0.98,-0.965,-0.965,-0.975,-0.97,-0.98,-0.985,-0.985,-0.99,-0.98,-0.97,-0.975,-0.965,-0.97,-0.965,-0.98,-0.98,-0.98,-0.97,-0.935,-0.89,-0.84,-0.79,-0.745,-0.725,-0.685,-0.63,-0.56,-0.495,-0.45,-0.425,-0.4,-0.385,-0.36,-0.315,-0.275,-0.225,-0.18,-0.14,-0.14,-0.135,-0.125,-0.09,-0.04,0.01,0.065,0.105,0.13,0.135,0.095,-0.02,-0.22,-0.525,-0.885,-1.235,-1.525,-1.715,-1.805,-1.82,-1.79,-1.685,-1.565,-1.43,-1.325,-1.27,-1.26,-1.295,-1.345,-1.41,-1.47,-1.495,-1.51,-1.475,-1.43,-1.38,-1.32,-1.265,-1.215,-1.18,-1.15,-1.14,-1.15,-1.135,-1.135,-1.135,-1.135,-1.155,-1.16,-1.16,-1.17,-1.175,-1.18,-1.185,-1.195,-1.195,-1.185,-1.185,-1.18,-1.175,-1.17,-1.165,-1.17,-1.165,-1.16,-1.155,-1.14,-1.13,-1.125,-1.125,-1.12,-1.12,-1.13,-1.13,-1.14,-1.17,-1.18,-1.19,-1.195,-1.195,-1.18,-1.17,-1.18,-1.16,-1.19,-1.19,-1.19,-1.195,-1.215,-1.215,-1.205,-1.2,-1.195,-1.195,-1.18,-1.18,-1.18,-1.185,-1.185,-1.185,-1.17,-1.175,-1.195,-1.175,-1.16,-1.17,-1.155,-1.13,-1.13,-1.13,-1.125,-1.125,-1.12,-1.12,-1.105,-1.095,-1.085,-1.065,-1.045,-1.04,-1.035,-1.025,-1.02,-1.015,-1.005,-1.005,-0.995,-0.975,-0.975,-0.96,-0.95,-0.935,-0.935,-0.94,-0.935,-0.935,-0.945,-0.95,-0.96,-0.955,-0.95,-0.945,-0.93,-0.93,-0.935,-0.94,-0.94,-0.97,-0.98,-0.985,-0.995,-0.99,-0.985,-0.98,-0.975,-0.985,-0.985,-1.005,-1.02,-1.02,-1.03,-1.04,-1.045,-1.045,-1.04,-1.035,-1.045,-1.055,-1.06,-1.06,-1.075,-1.065,-1.07,-1.075,-1.075,-1.075,-1.06,-1.06,-1.05,-1.06,-1.055,-1.06,-1.075,-1.07,-1.08,-1.095,-1.075,-1.07,-1.065,-1.06,-1.045,-1.045,-1.06,-1.05,-1.07
1.0,124.0,-1.04,-1.045,-1.035,-1.035,-1.035,-1.03,-1.05,-1.03,-1.02,-1.01,-1.01,-1.015,-1.015,-1.005,-1.025,-1.015,-1.02,-1.02,-1.02,-1.01,-1.015,-1.0,-1.015,-1.005,-1.005,-1.01,-1.03,-1.02,-1.02,-1.01,-0.995,-0.985,-0.975,-0.975,-0.97,-0.975,-0.99,-0.985,-0.985,-1.005,-1.005,-0.995,-0.98,-0.985,-0.975,-0.96,-0.97,-0.975,-0.985,-0.99,-0.995,-0.995,-1.01,-0.99,-0.985,-0.985,-0.995,-0.975,-0.975,-0.98,-0.975,-0.99,-0.99,-1.01,-0.985,-0.975,-0.975,-0.965,-0.965,-0.96,-0.965,-0.97,-0.975,-0.975,-0.99,-0.985,-0.98,-0.975,-0.97,-0.965,-0.95,-0.94,-0.96,-0.96,-0.975,-0.975,-0.98,-0.975,-0.965,-0.965,-0.975,-0.97,-0.975,-0.98,-0.995,-1.005,-1.03,-1.07,-1.13,-1.155,-1.17,-1.145,-1.075,-0.975,-0.83,-0.705,-0.595,-0.505,-0.425,-0.35,-0.3,-0.28,-0.29,-0.335,-0.41,-0.515,-0.625,-0.72,-0.85,-1.015,-1.215,-1.415,-1.585,-1.73,-1.85,-1.95,-2.03,-2.11,-2.165,-2.185,-2.165,-2.11,-2.025,-1.94,-1.855,-1.78,-1.74,-1.7,-1.68,-1.645,-1.63,-1.635,-1.62,-1.59,-1.54,-1.46,-1.415,-1.36,-1.285,-1.2,-1.095,-0.995,-0.9,-0.84,-0.785,-0.76,-0.76,-0.765,-0.79,-0.81,-0.82,-0.825,-0.83,-0.82,-0.82,-0.81,-0.805,-0.815,-0.8,-0.805,-0.815,-0.82,-0.815,-0.815,-0.8,-0.785,-0.78,-0.755,-0.76,-0.76,-0.765,-0.755,-0.755,-0.755,-0.765,-0.755,-0.745,-0.75,-0.73,-0.705,-0.705,-0.71,-0.705,-0.69,-0.705,-0.7,-0.705,-0.69,-0.675,-0.665,-0.655,-0.64,-0.645,-0.645,-0.635,-0.635,-0.64,-0.63,-0.62,-0.61,-0.605,-0.585,-0.57,-0.555,-0.535,-0.535,-0.535,-0.525,-0.515,-0.505,-0.505,-0.49,-0.485,-0.475,-0.465,-0.46,-0.455,-0.445,-0.44,-0.46,-0.46,-0.45,-0.45,-0.45,-0.435,-0.445,-0.44,-0.435,-0.445,-0.45,-0.46,-0.475,-0.49,-0.52,-0.52,-0.52,-0.53,-0.53,-0.535,-0.54,-0.55,-0.56,-0.6,-0.595,-0.615,-0.625,-0.64,-0.655,-0.66,-0.67,-0.68,-0.685,-0.695,-0.705,-0.725,-0.735,-0.76,-0.755,-0.78,-0.775,-0.785,-0.78,-0.8,-0.795,-0.8,-0.805,-0.8,-0.805,-0.815,-0.825,-0.835,-0.825,-0.83,-0.815,-0.805,-0.795,-0.82,-0.825,-0.82,-0.82,-0.82,-0.82,-0.83,-0.825,-0.82,-0.825,-0.81,-0.82,-0.82,-0.82
1.0,124.0,-1.135,-1.135,-1.14,-1.14,-1.135,-1.125,-1.12,-1.12,-1.11,-1.105,-1.09,-1.09,-1.085,-1.085,-1.065,-1.07,-1.085,-1.095,-1.095,-1.095,-1.095,-1.1,-1.075,-1.055,-1.045,-1.055,-1.04,-1.05,-1.05,-1.065,-1.075,-1.055,-1.05,-1.05,-1.055,-1.045,-1.04,-1.035,-1.04,-1.035,-1.04,-1.035,-1.04,-1.05,-1.035,-1.03,-1.02,-1.015,-1.01,-1.005,-1.02,-1.035,-1.045,-1.06,-1.055,-1.05,-1.03,-1.015,-1.005,-0.995,-1.0,-0.995,-1.005,-1.005,-1.015,-1.01,-1.02,-1.02,-1.025,-1.005,-0.995,-0.995,-1.0,-1.005,-1.02,-1.015,-1.035,-1.02,-1.035,-1.02,-1.01,-0.995,-0.99,-0.985,-0.98,-0.98,-0.995,-0.995,-1.01,-1.015,-1.01,-1.0,-0.99,-0.98,-0.97,-0.97,-0.975,-0.98,-0.985,-0.985,-0.975,-0.99,-0.99,-0.985,-0.97,-0.945,-0.91,-0.88,-0.835,-0.815,-0.765,-0.73,-0.715,-0.73,-0.75,-0.81,-0.875,-0.95,-1.085,-1.235,-1.435,-1.66,-1.87,-2.045,-2.145,-2.17,-2.135,-2.06,-1.985,-1.935,-1.91,-1.925,-1.98,-2.06,-2.175,-2.285,-2.375,-2.45,-2.495,-2.54,-2.545,-2.535,-2.505,-2.455,-2.415,-2.355,-2.35,-2.335,-2.29,-2.175,-2.06,-1.905,-1.765,-1.65,-1.585,-1.54,-1.52,-1.505,-1.48,-1.455,-1.39,-1.315,-1.22,-1.145,-1.05,-0.99,-0.935,-0.885,-0.865,-0.855,-0.84,-0.84,-0.805,-0.785,-0.755,-0.735,-0.705,-0.685,-0.675,-0.655,-0.66,-0.645,-0.65,-0.64,-0.64,-0.625,-0.6,-0.58,-0.565,-0.56,-0.545,-0.53,-0.515,-0.515,-0.515,-0.515,-0.52,-0.505,-0.51,-0.49,-0.46,-0.445,-0.44,-0.43,-0.4,-0.39,-0.38,-0.385,-0.375,-0.365,-0.34,-0.335,-0.335,-0.32,-0.305,-0.27,-0.25,-0.235,-0.23,-0.225,-0.23,-0.23,-0.235,-0.24,-0.245,-0.22,-0.2,-0.195,-0.175,-0.175,-0.18,-0.185,-0.19,-0.195,-0.205,-0.2,-0.2,-0.19,-0.185,-0.165,-0.17,-0.18,-0.185,-0.205,-0.205,-0.22,-0.23,-0.245,-0.245,-0.235,-0.245,-0.24,-0.25,-0.27,-0.295,-0.315,-0.35,-0.365,-0.385,-0.39,-0.4,-0.405,-0.42,-0.41,-0.445,-0.46,-0.495,-0.53,-0.55,-0.575,-0.595,-0.605,-0.615,-0.625,-0.645,-0.64,-0.65,-0.665,-0.67,-0.705,-0.73,-0.75,-0.76,-0.77,-0.755,-0.765,-0.77,-0.77,-0.76,-0.765,-0.78,-0.785,-0.795,-0.82,-0.805,-0.805,-0.83,-0.805,-0.8,-0.785
1.0,124.0,-0.855,-0.84,-0.82,-0.81,-0.785,-0.775,-0.775,-0.77,-0.78,-0.775,-0.795,-0.805,-0.8,-0.795,-0.805,-0.8,-0.805,-0.81,-0.83,-0.845,-0.86,-0.875,-0.895,-0.9,-0.885,-0.895,-0.895,-0.9,-0.92,-0.935,-0.94,-0.96,-0.97,-0.97,-0.975,-0.965,-0.985,-0.985,-1.0,-0.995,-1.0,-1.005,-1.0,-1.005,-1.005,-0.985,-0.98,-0.99,-0.975,-0.98,-0.975,-0.965,-0.96,-0.96,-0.98,-0.985,-1.0,-0.985,-0.985,-0.98,-0.965,-0.96,-0.955,-0.945,-0.935,-0.94,-0.94,-0.945,-0.94,-0.93,-0.935,-0.935,-0.93,-0.93,-0.92,-0.925,-0.925,-0.925,-0.935,-0.935,-0.94,-0.945,-0.955,-0.96,-0.93,-0.935,-0.935,-0.925,-0.915,-0.915,-0.91,-0.925,-0.925,-0.925,-0.915,-0.915,-0.915,-0.905,-0.905,-0.905,-0.9,-0.9,-0.9,-0.89,-0.875,-0.845,-0.825,-0.78,-0.74,-0.7,-0.65,-0.615,-0.6,-0.62,-0.67,-0.735,-0.81,-0.905,-1.03,-1.205,-1.42,-1.65,-1.86,-2.02,-2.085,-2.085,-2.025,-1.95,-1.89,-1.87,-1.885,-1.925,-2.0,-2.09,-2.18,-2.265,-2.325,-2.36,-2.405,-2.445,-2.46,-2.455,-2.44,-2.39,-2.34,-2.295,-2.275,-2.225,-2.16,-2.035,-1.875,-1.725,-1.6,-1.51,-1.46,-1.43,-1.4,-1.37,-1.34,-1.27,-1.19,-1.1,-1.01,-0.945,-0.865,-0.82,-0.785,-0.75,-0.73,-0.69,-0.67,-0.64,-0.62,-0.605,-0.59,-0.6,-0.58,-0.57,-0.57,-0.55,-0.525,-0.49,-0.46,-0.435,-0.415,-0.405,-0.395,-0.375,-0.375,-0.38,-0.395,-0.375,-0.375,-0.355,-0.34,-0.33,-0.31,-0.305,-0.29,-0.285,-0.275,-0.255,-0.25,-0.23,-0.195,-0.165,-0.15,-0.13,-0.12,-0.105,-0.105,-0.075,-0.07,-0.06,-0.055,-0.04,-0.025,-0.025,-0.02,-0.005,-0.01,-0.005,0.005,0.015,0.015,0.015,0.015,0.0,-0.005,0.01,0.0,0.02,0.015,0.01,0.0,-0.015,-0.035,-0.045,-0.06,-0.065,-0.065,-0.08,-0.09,-0.11,-0.115,-0.135,-0.145,-0.175,-0.2,-0.235,-0.26,-0.265,-0.285,-0.29,-0.29,-0.295,-0.31,-0.33,-0.35,-0.38,-0.415,-0.43,-0.44,-0.465,-0.47,-0.465,-0.48,-0.485,-0.495,-0.515,-0.53,-0.555,-0.565,-0.57,-0.585,-0.59,-0.59,-0.585,-0.6,-0.585,-0.58,-0.6,-0.615,-0.63,-0.65,-0.675,-0.675,-0.665,-0.66,-0.65,-0.64,-0.635,-0.66,-0.67,-0.695,-0.71,-0.705,-0.71,-0.715,-0.72
1.0,124.0,-0.975,-1.01,-1.015,-1.045,-1.065,-1.07,-1.08,-1.075,-1.09,-1.1,-1.095,-1.1,-1.095,-1.1,-1.1,-1.1,-1.11,-1.115,-1.105,-1.11,-1.1,-1.105,-1.095,-1.08,-1.085,-1.09,-1.095,-1.115,-1.125,-1.125,-1.11,-1.1,-1.095,-1.095,-1.075,-1.065,-1.055,-1.065,-1.07,-1.075,-1.075,-1.075,-1.055,-1.06,-1.065,-1.05,-1.04,-1.05,-1.05,-1.055,-1.06,-1.06,-1.07,-1.065,-1.07,-1.06,-1.055,-1.05,-1.035,-1.03,-1.035,-1.035,-1.035,-1.045,-1.055,-1.05,-1.05,-1.045,-1.05,-1.05,-1.045,-1.04,-1.035,-1.035,-1.045,-1.05,-1.045,-1.06,-1.055,-1.055,-1.04,-1.03,-1.03,-1.02,-1.015,-1.025,-1.025,-1.035,-1.05,-1.055,-1.055,-1.035,-1.035,-1.02,-1.02,-1.02,-1.02,-1.025,-1.025,-1.04,-1.04,-1.04,-1.045,-1.04,-1.02,-0.975,-0.94,-0.905,-0.88,-0.86,-0.815,-0.79,-0.77,-0.785,-0.815,-0.845,-0.9,-0.975,-1.065,-1.225,-1.415,-1.62,-1.835,-2.02,-2.14,-2.17,-2.165,-2.1,-2.035,-1.985,-1.96,-1.98,-2.03,-2.1,-2.22,-2.32,-2.415,-2.47,-2.52,-2.565,-2.605,-2.63,-2.63,-2.635,-2.625,-2.585,-2.55,-2.545,-2.51,-2.47,-2.365,-2.22,-2.04,-1.86,-1.72,-1.635,-1.6,-1.575,-1.565,-1.54,-1.475,-1.405,-1.295,-1.195,-1.1,-1.015,-0.95,-0.885,-0.86,-0.83,-0.79,-0.76,-0.74,-0.72,-0.7,-0.685,-0.67,-0.655,-0.635,-0.615,-0.615,-0.6,-0.59,-0.59,-0.57,-0.57,-0.565,-0.565,-0.56,-0.56,-0.545,-0.54,-0.53,-0.52,-0.52,-0.505,-0.5,-0.49,-0.475,-0.465,-0.44,-0.44,-0.415,-0.39,-0.375,-0.365,-0.345,-0.33,-0.33,-0.32,-0.315,-0.31,-0.295,-0.265,-0.24,-0.21,-0.185,-0.185,-0.175,-0.18,-0.165,-0.17,-0.165,-0.15,-0.14,-0.13,-0.11,-0.1,-0.1,-0.095,-0.09,-0.1,-0.1,-0.11,-0.13,-0.125,-0.12,-0.115,-0.12,-0.12,-0.135,-0.16,-0.18,-0.19,-0.205,-0.225,-0.235,-0.245,-0.25,-0.27,-0.27,-0.285,-0.29,-0.31,-0.345,-0.375,-0.395,-0.405,-0.43,-0.44,-0.45,-0.455,-0.47,-0.48,-0.5,-0.51,-0.54,-0.565,-0.585,-0.61,-0.63,-0.63,-0.645,-0.645,-0.645,-0.645,-0.665,-0.665,-0.68,-0.7,-0.715,-0.735,-0.74,-0.74,-0.73,-0.735,-0.725,-0.725,-0.72,-0.725,-0.735,-0.745,-0.75,-0.765,-0.8,-0.79,-0.775,-0.78,-0.77,-0.765
1.0,124.0,-0.91,-0.915,-0.91,-0.91,-0.915,-0.92,-0.915,-0.91,-0.915,-0.905,-0.9,-0.9,-0.9,-0.905,-0.905,-0.915,-0.93,-0.94,-0.92,-0.915,-0.915,-0.905,-0.91,-0.905,-0.9,-0.91,-0.915,-0.925,-0.92,-0.925,-0.93,-0.925,-0.915,-0.905,-0.895,-0.89,-0.905,-0.92,-0.905,-0.9,-0.905,-0.905,-0.915,-0.92,-0.915,-0.915,-0.91,-0.91,-0.9,-0.905,-0.905,-0.9,-0.905,-0.905,-0.92,-0.905,-0.91,-0.895,-0.89,-0.89,-0.885,-0.885,-0.89,-0.885,-0.89,-0.9,-0.91,-0.91,-0.915,-0.915,-0.91,-0.905,-0.885,-0.88,-0.9,-0.89,-0.885,-0.89,-0.885,-0.87,-0.885,-0.875,-0.875,-0.875,-0.875,-0.875,-0.87,-0.865,-0.85,-0.845,-0.85,-0.86,-0.86,-0.86,-0.855,-0.82,-0.81,-0.82,-0.83,-0.83,-0.84,-0.855,-0.855,-0.835,-0.82,-0.78,-0.745,-0.71,-0.665,-0.63,-0.59,-0.57,-0.55,-0.565,-0.605,-0.66,-0.75,-0.855,-1.0,-1.175,-1.38,-1.61,-1.845,-2.045,-2.165,-2.2,-2.165,-2.105,-2.035,-1.975,-1.94,-1.93,-1.95,-1.99,-2.05,-2.105,-2.18,-2.205,-2.2,-2.17,-2.13,-2.11,-2.105,-2.105,-2.1,-2.1,-2.125,-2.18,-2.18,-2.155,-2.08,-1.965,-1.81,-1.64,-1.53,-1.435,-1.34,-1.245,-1.145,-1.07,-0.99,-0.915,-0.865,-0.83,-0.8,-0.79,-0.785,-0.775,-0.765,-0.755,-0.76,-0.75,-0.745,-0.75,-0.74,-0.735,-0.745,-0.725,-0.725,-0.71,-0.705,-0.69,-0.685,-0.7,-0.69,-0.695,-0.685,-0.685,-0.67,-0.65,-0.66,-0.65,-0.615,-0.605,-0.615,-0.61,-0.61,-0.605,-0.595,-0.59,-0.6,-0.58,-0.565,-0.54,-0.51,-0.495,-0.495,-0.48,-0.485,-0.485,-0.48,-0.47,-0.46,-0.435,-0.42,-0.405,-0.39,-0.375,-0.37,-0.365,-0.345,-0.34,-0.345,-0.33,-0.32,-0.305,-0.31,-0.28,-0.25,-0.25,-0.25,-0.255,-0.255,-0.255,-0.265,-0.26,-0.255,-0.24,-0.245,-0.22,-0.225,-0.22,-0.235,-0.26,-0.255,-0.29,-0.285,-0.295,-0.295,-0.305,-0.325,-0.32,-0.33,-0.355,-0.375,-0.385,-0.405,-0.43,-0.445,-0.475,-0.48,-0.5,-0.51,-0.52,-0.54,-0.555,-0.57,-0.585,-0.61,-0.63,-0.645,-0.65,-0.68,-0.685,-0.69,-0.69,-0.68,-0.695,-0.7,-0.71,-0.715,-0.72,-0.725,-0.74,-0.755,-0.75,-0.745,-0.74,-0.73,-0.745,-0.74,-0.74,-0.74,-0.745,-0.74,-0.75,-0.745,-0.73,-0.735,-0.735
1.0,124.0,-0.905,-0.905,-0.905,-0.91,-0.895,-0.9,-0.91,-0.915,-0.935,-0.95,-0.95,-0.955,-0.96,-0.955,-0.945,-0.96,-0.96,-0.975,-0.99,-1.01,-1.01,-1.03,-1.04,-1.055,-1.05,-1.055,-1.055,-1.055,-1.06,-1.06,-1.07,-1.08,-1.095,-1.09,-1.095,-1.105,-1.105,-1.1,-1.1,-1.075,-1.085,-1.065,-1.07,-1.085,-1.075,-1.075,-1.085,-1.075,-1.07,-1.065,-1.06,-1.05,-1.05,-1.05,-1.045,-1.055,-1.045,-1.05,-1.045,-1.05,-1.05,-1.04,-1.03,-1.02,-1.0,-0.995,-1.005,-1.015,-1.025,-1.015,-1.02,-1.025,-1.01,-1.01,-1.0,-0.99,-0.99,-0.99,-1.0,-1.0,-0.995,-1.005,-1.005,-1.01,-1.005,-0.99,-0.985,-0.985,-0.97,-0.975,-0.975,-0.995,-0.99,-0.99,-0.995,-0.995,-0.99,-0.995,-0.99,-0.98,-0.985,-0.975,-0.96,-0.95,-0.94,-0.925,-0.905,-0.885,-0.85,-0.82,-0.79,-0.765,-0.745,-0.745,-0.795,-0.84,-0.905,-0.97,-1.07,-1.195,-1.35,-1.515,-1.695,-1.835,-1.925,-1.965,-1.965,-1.94,-1.91,-1.875,-1.855,-1.855,-1.875,-1.91,-1.97,-2.055,-2.145,-2.225,-2.295,-2.35,-2.41,-2.46,-2.495,-2.505,-2.515,-2.5,-2.465,-2.44,-2.41,-2.41,-2.41,-2.385,-2.335,-2.25,-2.125,-1.995,-1.815,-1.695,-1.6,-1.54,-1.515,-1.495,-1.46,-1.43,-1.375,-1.32,-1.245,-1.165,-1.095,-1.025,-0.945,-0.885,-0.845,-0.815,-0.79,-0.79,-0.77,-0.755,-0.76,-0.735,-0.72,-0.705,-0.68,-0.655,-0.61,-0.585,-0.56,-0.54,-0.525,-0.52,-0.51,-0.51,-0.51,-0.505,-0.495,-0.48,-0.46,-0.46,-0.455,-0.44,-0.45,-0.445,-0.43,-0.42,-0.4,-0.36,-0.345,-0.32,-0.295,-0.285,-0.28,-0.28,-0.28,-0.25,-0.245,-0.235,-0.225,-0.195,-0.185,-0.16,-0.155,-0.155,-0.155,-0.155,-0.15,-0.15,-0.14,-0.14,-0.125,-0.115,-0.115,-0.1,-0.11,-0.11,-0.115,-0.11,-0.13,-0.13,-0.135,-0.15,-0.16,-0.165,-0.17,-0.175,-0.19,-0.2,-0.235,-0.245,-0.265,-0.285,-0.305,-0.32,-0.335,-0.355,-0.365,-0.38,-0.405,-0.435,-0.445,-0.48,-0.495,-0.525,-0.54,-0.555,-0.555,-0.57,-0.59,-0.595,-0.615,-0.615,-0.625,-0.645,-0.665,-0.67,-0.69,-0.7,-0.71,-0.705,-0.7,-0.7,-0.71,-0.71,-0.72,-0.735,-0.745,-0.755,-0.77,-0.775,-0.76,-0.75,-0.755,-0.75,-0.755,-0.76,-0.765,-0.785,-0.79,-0.8,-0.805,-0.81
1.0,124.0,-0.93,-0.92,-0.9,-0.89,-0.865,-0.87,-0.87,-0.86,-0.865,-0.845,-0.825,-0.8,-0.775,-0.74,-0.735,-0.715,-0.72,-0.705,-0.705,-0.7,-0.705,-0.71,-0.69,-0.685,-0.675,-0.66,-0.67,-0.67,-0.685,-0.69,-0.7,-0.7,-0.705,-0.7,-0.695,-0.705,-0.695,-0.705,-0.715,-0.74,-0.745,-0.76,-0.765,-0.775,-0.775,-0.785,-0.785,-0.79,-0.805,-0.79,-0.805,-0.815,-0.83,-0.835,-0.84,-0.845,-0.865,-0.85,-0.845,-0.85,-0.84,-0.81,-0.82,-0.815,-0.83,-0.835,-0.85,-0.85,-0.845,-0.85,-0.83,-0.835,-0.815,-0.8,-0.8,-0.815,-0.815,-0.825,-0.84,-0.835,-0.835,-0.83,-0.82,-0.81,-0.8,-0.785,-0.785,-0.785,-0.77,-0.77,-0.75,-0.735,-0.715,-0.7,-0.705,-0.685,-0.675,-0.67,-0.685,-0.68,-0.67,-0.63,-0.59,-0.545,-0.495,-0.475,-0.41,-0.36,-0.33,-0.305,-0.26,-0.245,-0.245,-0.25,-0.265,-0.295,-0.33,-0.41,-0.52,-0.67,-0.825,-1.005,-1.21,-1.39,-1.535,-1.64,-1.665,-1.6,-1.48,-1.345,-1.235,-1.17,-1.205,-1.25,-1.35,-1.43,-1.49,-1.535,-1.57,-1.585,-1.63,-1.665,-1.67,-1.67,-1.63,-1.575,-1.525,-1.495,-1.48,-1.475,-1.455,-1.41,-1.345,-1.26,-1.16,-1.08,-1.0,-0.915,-0.87,-0.83,-0.805,-0.795,-0.815,-0.825,-0.825,-0.805,-0.77,-0.735,-0.705,-0.68,-0.65,-0.635,-0.655,-0.665,-0.675,-0.675,-0.67,-0.685,-0.665,-0.655,-0.655,-0.64,-0.63,-0.63,-0.635,-0.625,-0.635,-0.63,-0.63,-0.625,-0.6,-0.58,-0.555,-0.555,-0.55,-0.535,-0.525,-0.535,-0.53,-0.51,-0.505,-0.49,-0.47,-0.46,-0.45,-0.43,-0.44,-0.425,-0.41,-0.4,-0.405,-0.4,-0.405,-0.395,-0.38,-0.37,-0.355,-0.34,-0.34,-0.315,-0.315,-0.32,-0.31,-0.3,-0.295,-0.3,-0.29,-0.295,-0.29,-0.28,-0.28,-0.3,-0.305,-0.31,-0.335,-0.355,-0.365,-0.385,-0.4,-0.405,-0.405,-0.415,-0.425,-0.445,-0.47,-0.485,-0.5,-0.52,-0.525,-0.535,-0.55,-0.56,-0.56,-0.555,-0.565,-0.575,-0.595,-0.625,-0.62,-0.64,-0.655,-0.655,-0.665,-0.66,-0.655,-0.655,-0.67,-0.665,-0.675,-0.7,-0.705,-0.705,-0.715,-0.725,-0.715,-0.71,-0.71,-0.705,-0.71,-0.725,-0.73,-0.74,-0.73,-0.75,-0.745,-0.74,-0.75,-0.75,-0.75,-0.745,-0.745,-0.76,-0.75,-0.78,-0.765,-0.78,-0.78,-0.77,-0.785,-0.77
1.0,124.0,-0.65,-0.665,-0.675,-0.68,-0.69,-0.705,-0.695,-0.685,-0.66,-0.64,-0.625,-0.615,-0.605,-0.595,-0.59,-0.565,-0.56,-0.545,-0.54,-0.525,-0.525,-0.525,-0.51,-0.49,-0.45,-0.455,-0.45,-0.45,-0.465,-0.48,-0.5,-0.515,-0.515,-0.51,-0.495,-0.495,-0.495,-0.495,-0.52,-0.53,-0.555,-0.565,-0.585,-0.57,-0.56,-0.545,-0.54,-0.57,-0.605,-0.635,-0.68,-0.695,-0.715,-0.7,-0.68,-0.68,-0.69,-0.705,-0.71,-0.69,-0.68,-0.67,-0.67,-0.67,-0.68,-0.69,-0.7,-0.71,-0.7,-0.69,-0.665,-0.655,-0.635,-0.62,-0.62,-0.615,-0.61,-0.61,-0.61,-0.61,-0.61,-0.6,-0.6,-0.6,-0.6,-0.59,-0.585,-0.57,-0.565,-0.56,-0.54,-0.515,-0.5,-0.505,-0.51,-0.525,-0.54,-0.535,-0.545,-0.525,-0.495,-0.48,-0.44,-0.405,-0.365,-0.32,-0.27,-0.22,-0.165,-0.135,-0.1,-0.09,-0.075,-0.085,-0.1,-0.13,-0.185,-0.255,-0.37,-0.535,-0.735,-0.95,-1.17,-1.36,-1.49,-1.545,-1.525,-1.425,-1.265,-1.115,-1.01,-1.0,-1.045,-1.115,-1.205,-1.28,-1.325,-1.36,-1.385,-1.415,-1.44,-1.455,-1.465,-1.485,-1.485,-1.47,-1.44,-1.395,-1.355,-1.325,-1.295,-1.27,-1.215,-1.16,-1.085,-1.01,-0.94,-0.88,-0.785,-0.715,-0.66,-0.605,-0.575,-0.545,-0.535,-0.52,-0.505,-0.495,-0.475,-0.445,-0.41,-0.395,-0.39,-0.405,-0.42,-0.425,-0.415,-0.395,-0.375,-0.37,-0.365,-0.355,-0.34,-0.32,-0.33,-0.355,-0.4,-0.43,-0.44,-0.41,-0.35,-0.31,-0.28,-0.26,-0.265,-0.255,-0.26,-0.27,-0.275,-0.27,-0.26,-0.24,-0.22,-0.19,-0.16,-0.15,-0.155,-0.155,-0.155,-0.13,-0.12,-0.09,-0.06,-0.05,-0.055,-0.06,-0.04,-0.01,0.0,0.0,-0.015,-0.03,-0.05,-0.075,-0.095,-0.095,-0.12,-0.115,-0.095,-0.05,-0.03,-0.015,0.0,-0.01,-0.02,-0.025,-0.02,-0.01,0.005,0.01,0.015,0.005,-0.005,-0.01,-0.025,-0.025,-0.045,-0.055,-0.06,-0.065,-0.075,-0.095,-0.1,-0.085,-0.095,-0.1,-0.1,-0.12,-0.145,-0.17,-0.185,-0.19,-0.21,-0.22,-0.24,-0.235,-0.24,-0.24,-0.265,-0.305,-0.345,-0.37,-0.385,-0.39,-0.405,-0.41,-0.41,-0.42,-0.42,-0.42,-0.43,-0.43,-0.445,-0.445,-0.445,-0.435,-0.43,-0.445,-0.45,-0.46,-0.475,-0.45,-0.46,-0.47,-0.47,-0.485,-0.5,-0.495,-0.5,-0.495
